atm_id,bank_name,latitude,longitude,city_zone,is_high_risk_area
ATM_0001,State Bank of India,19.115737,72.866639,Zone_North,0
ATM_0002,HDFC Bank,19.127815,72.999542,Zone_South,0
ATM_0003,Bank of Baroda,19.057268,72.858969,Zone_North,0
ATM_0004,State Bank of India,19.202337,72.939095,Zone_North,0
ATM_0005,Bank of Baroda,19.038442,72.921105,Zone_Central,0
ATM_0006,Bank of Baroda,19.038927,72.840442,Zone_West,1
ATM_0007,State Bank of India,19.095357,72.724638,Zone_South,0
ATM_0008,ICICI Bank,18.938007,72.832717,Zone_East,1
ATM_0009,State Bank of India,18.994974,72.90284,Zone_North,0
ATM_0010,ICICI Bank,19.003358,72.764716,Zone_East,0
ATM_0011,State Bank of India,19.193252,72.859638,Zone_West,0
ATM_0012,Axis Bank,19.081402,72.76372,Zone_North,0
ATM_0013,Bank of Baroda,19.032449,72.886574,Zone_East,0
ATM_0014,State Bank of India,18.983921,72.907756,Zone_North,0
ATM_0015,ICICI Bank,19.027949,72.854365,Zone_North,0
ATM_0016,State Bank of India,19.027863,73.025882,Zone_West,0
ATM_0017,ICICI Bank,19.07492,72.793083,Zone_South,0
ATM_0018,HDFC Bank,19.141804,72.780033,Zone_East,0
ATM_0019,State Bank of India,19.092709,72.720926,Zone_Central,0
ATM_0020,Bank of Baroda,18.969745,72.893449,Zone_South,1
ATM_0021,ICICI Bank,19.135077,72.891409,Zone_Central,1
ATM_0022,State Bank of India,19.066748,72.853612,Zone_South,0
ATM_0023,ICICI Bank,18.957718,72.820112,Zone_West,0
ATM_0024,HDFC Bank,19.039149,72.96227,Zone_Central,0
ATM_0025,ICICI Bank,19.103489,72.736657,Zone_South,0
ATM_0026,Axis Bank,19.101927,72.846893,Zone_West,0
ATM_0027,HDFC Bank,19.021846,72.926634,Zone_Central,0
ATM_0028,Bank of Baroda,19.15848,72.952202,Zone_West,0
ATM_0029,Axis Bank,19.008863,72.852963,Zone_East,0
ATM_0030,Bank of Baroda,19.102501,72.955744,Zone_West,0
ATM_0031,State Bank of India,19.037666,72.862847,Zone_South,0
ATM_0032,Axis Bank,18.987493,72.782003,Zone_Central,1
ATM_0033,Bank of Baroda,19.141002,72.986199,Zone_West,0
ATM_0034,Bank of Baroda,19.070239,72.957983,Zone_North,0
ATM_0035,State Bank of India,19.104931,72.82609,Zone_Central,0
ATM_0036,ICICI Bank,19.104912,73.000743,Zone_North,0
ATM_0037,HDFC Bank,19.073134,73.002871,Zone_West,1
ATM_0038,Bank of Baroda,18.86642,72.943452,Zone_South,0
ATM_0039,State Bank of India,19.082964,72.853779,Zone_East,0
ATM_0040,Bank of Baroda,19.083341,72.718694,Zone_Central,1
ATM_0041,HDFC Bank,19.058426,72.906269,Zone_Central,0
ATM_0042,Bank of Baroda,19.194232,72.836238,Zone_North,0
ATM_0043,Axis Bank,19.011321,72.837559,Zone_North,1
ATM_0044,ICICI Bank,19.149232,72.904,Zone_South,0
ATM_0045,State Bank of India,19.033619,72.918761,Zone_West,0
ATM_0046,Bank of Baroda,19.083766,72.955192,Zone_South,1
ATM_0047,Bank of Baroda,19.019836,72.851487,Zone_South,0
ATM_0048,Bank of Baroda,19.044631,72.760619,Zone_West,0
ATM_0049,Bank of Baroda,19.09969,72.898584,Zone_South,0
ATM_0050,Axis Bank,19.076409,72.858933,Zone_East,0
ATM_0051,Bank of Baroda,18.96277,72.844048,Zone_West,0
ATM_0052,State Bank of India,19.048583,72.813518,Zone_East,0
ATM_0053,Bank of Baroda,19.063097,72.910024,Zone_South,0
ATM_0054,HDFC Bank,19.226895,72.891666,Zone_North,0
ATM_0055,ICICI Bank,19.096604,72.871744,Zone_North,0
ATM_0056,ICICI Bank,18.922498,72.875579,Zone_West,0
ATM_0057,Bank of Baroda,19.080818,73.074759,Zone_Central,0
ATM_0058,Axis Bank,19.060611,72.901824,Zone_West,0
ATM_0059,Axis Bank,19.073223,72.784206,Zone_East,0
ATM_0060,Axis Bank,19.167426,72.937855,Zone_North,0
ATM_0061,State Bank of India,19.139283,72.804949,Zone_North,0
ATM_0062,ICICI Bank,19.188224,72.765552,Zone_North,0
ATM_0063,Bank of Baroda,19.122949,73.052936,Zone_West,0
ATM_0064,ICICI Bank,18.996757,72.832396,Zone_West,0
ATM_0065,Axis Bank,19.083972,72.837422,Zone_Central,0
ATM_0066,State Bank of India,18.951947,72.883185,Zone_South,1
ATM_0067,Axis Bank,18.991016,72.915587,Zone_South,0
ATM_0068,State Bank of India,19.002446,73.001695,Zone_South,0
ATM_0069,Axis Bank,19.01334,72.851935,Zone_East,0
ATM_0070,Axis Bank,19.141081,72.779231,Zone_East,0
ATM_0071,Bank of Baroda,19.094197,72.982271,Zone_West,1
ATM_0072,HDFC Bank,18.947401,72.892471,Zone_North,0
ATM_0073,Bank of Baroda,19.096791,72.940246,Zone_North,0
ATM_0074,State Bank of India,18.977044,72.772063,Zone_North,0
ATM_0075,Bank of Baroda,19.117755,72.901459,Zone_Central,0
ATM_0076,HDFC Bank,19.096039,72.905416,Zone_North,0
ATM_0077,HDFC Bank,19.021598,72.89628,Zone_West,0
ATM_0078,Bank of Baroda,19.099446,72.820552,Zone_Central,0
ATM_0079,Axis Bank,19.225262,72.915607,Zone_Central,0
ATM_0080,ICICI Bank,18.980696,72.930224,Zone_East,1
ATM_0081,HDFC Bank,18.998025,72.940667,Zone_East,0
ATM_0082,ICICI Bank,19.168688,72.812045,Zone_West,0
ATM_0083,State Bank of India,19.15307,72.910722,Zone_North,0
ATM_0084,Bank of Baroda,19.141765,73.029443,Zone_North,0
ATM_0085,Bank of Baroda,19.056369,72.817401,Zone_East,1
ATM_0086,State Bank of India,19.004839,72.812435,Zone_South,0
ATM_0087,HDFC Bank,19.069832,72.904992,Zone_West,0
ATM_0088,ICICI Bank,19.098135,72.943875,Zone_Central,0
ATM_0089,Bank of Baroda,19.07704,72.993983,Zone_North,0
ATM_0090,Bank of Baroda,19.054827,73.095314,Zone_East,0
ATM_0091,State Bank of India,19.126053,72.809127,Zone_South,0
ATM_0092,State Bank of India,18.990329,72.916298,Zone_Central,1
ATM_0093,Bank of Baroda,19.058123,72.93482,Zone_South,0
ATM_0094,HDFC Bank,19.113859,72.871874,Zone_East,0
ATM_0095,ICICI Bank,19.008257,72.756512,Zone_North,1
ATM_0096,ICICI Bank,19.040279,72.946212,Zone_North,0
ATM_0097,ICICI Bank,19.093127,72.778041,Zone_South,0
ATM_0098,Bank of Baroda,19.089854,72.908525,Zone_West,0
ATM_0099,State Bank of India,19.005291,72.889998,Zone_North,0
ATM_0100,HDFC Bank,19.080657,72.786262,Zone_Central,1
ATM_0101,Bank of Baroda,19.104623,72.922563,Zone_Central,0
ATM_0102,State Bank of India,19.162644,72.962004,Zone_East,0
ATM_0103,State Bank of India,18.965786,72.802674,Zone_East,0
ATM_0104,State Bank of India,19.117203,72.918803,Zone_East,0
ATM_0105,Axis Bank,19.117204,73.185919,Zone_Central,0
ATM_0106,HDFC Bank,19.121671,72.968545,Zone_South,0
ATM_0107,HDFC Bank,19.15232,72.929811,Zone_West,1
ATM_0108,Axis Bank,19.050778,72.938418,Zone_South,0
ATM_0109,State Bank of India,19.014174,72.858755,Zone_West,0
ATM_0110,Axis Bank,19.037171,72.88425,Zone_South,1
ATM_0111,ICICI Bank,19.261173,72.728319,Zone_East,0
ATM_0112,HDFC Bank,19.130901,72.748683,Zone_South,0
ATM_0113,Axis Bank,19.038245,72.964816,Zone_East,0
ATM_0114,State Bank of India,19.081142,72.79148,Zone_East,0
ATM_0115,Bank of Baroda,19.018776,72.932068,Zone_West,0
ATM_0116,Bank of Baroda,19.017571,72.895017,Zone_East,0
ATM_0117,State Bank of India,19.079646,72.825572,Zone_East,1
ATM_0118,State Bank of India,19.247516,72.928414,Zone_North,0
ATM_0119,ICICI Bank,18.913989,72.892616,Zone_East,0
ATM_0120,Bank of Baroda,19.023057,72.945895,Zone_North,0
ATM_0121,Bank of Baroda,19.012598,72.868521,Zone_South,0
ATM_0122,Axis Bank,19.116399,72.94696,Zone_North,0
ATM_0123,Bank of Baroda,18.979976,72.85094,Zone_South,0
ATM_0124,State Bank of India,19.038004,72.825434,Zone_East,0
ATM_0125,State Bank of India,19.217236,72.910099,Zone_East,0
ATM_0126,Axis Bank,18.975129,72.951129,Zone_East,0
ATM_0127,ICICI Bank,19.245772,72.960297,Zone_Central,1
ATM_0128,Axis Bank,18.95445,72.838961,Zone_South,0
ATM_0129,ICICI Bank,19.177353,72.821086,Zone_West,0
ATM_0130,State Bank of India,19.111506,72.939671,Zone_East,0
ATM_0131,Axis Bank,19.001846,72.872938,Zone_Central,0
ATM_0132,ICICI Bank,18.816699,72.795749,Zone_West,0
ATM_0133,HDFC Bank,19.055795,72.777877,Zone_Central,0
ATM_0134,HDFC Bank,19.206593,72.763289,Zone_North,0
ATM_0135,Bank of Baroda,19.040796,72.888159,Zone_East,0
ATM_0136,ICICI Bank,19.191302,72.762831,Zone_South,0
ATM_0137,HDFC Bank,19.169053,72.878519,Zone_North,1
ATM_0138,Bank of Baroda,18.997479,72.914668,Zone_North,0
ATM_0139,Bank of Baroda,19.091925,72.829683,Zone_South,0
ATM_0140,Axis Bank,19.081584,72.846875,Zone_West,0
ATM_0141,HDFC Bank,19.085081,72.93067,Zone_North,0
ATM_0142,State Bank of India,19.202881,72.778675,Zone_West,1
ATM_0143,State Bank of India,19.246643,72.721533,Zone_Central,0
ATM_0144,Axis Bank,19.063857,72.924765,Zone_South,0
ATM_0145,Bank of Baroda,19.098479,72.827884,Zone_Central,0
ATM_0146,Axis Bank,19.05935,72.83826,Zone_Central,0
ATM_0147,Bank of Baroda,19.028851,72.945668,Zone_West,0
ATM_0148,Bank of Baroda,19.104561,72.822267,Zone_West,0
ATM_0149,Axis Bank,19.147968,72.902284,Zone_West,0
ATM_0150,HDFC Bank,19.141029,72.92807,Zone_East,0
