complaint_id,timestamp,fraud_type,amount_lost,mule_account_id
CMP_00001,2026-08-06 11:43:15,Part-time Job Scam,25000,MULE_ACC_5499
CMP_00002,2026-07-25 07:00:15,Investment Scam,200000,MULE_ACC_2320
CMP_00003,2026-07-16 22:29:15,Loan App Extortion,100000,MULE_ACC_6421
CMP_00004,2026-07-28 14:47:15,Part-time Job Scam,15000,MULE_ACC_7232
CMP_00005,2026-08-27 09:37:15,Loan App Extortion,500000,MULE_ACC_9947
CMP_00006,2026-08-03 20:27:15,Investment Scam,50000,MULE_ACC_7624
CMP_00007,2026-08-31 08:40:15,UPI Phishing,200000,MULE_ACC_1444
CMP_00008,2026-07-07 04:27:15,Part-time Job Scam,50000,MULE_ACC_4467
CMP_00009,2026-08-21 09:19:15,UPI Phishing,15000,MULE_ACC_8705
CMP_00010,2026-08-13 22:52:15,UPI Phishing,500000,MULE_ACC_1659
CMP_00011,2026-07-13 03:11:15,Loan App Extortion,100000,MULE_ACC_2874
CMP_00012,2026-07-14 15:41:15,Investment Scam,500000,MULE_ACC_2876
CMP_00013,2026-08-09 18:01:15,Investment Scam,100000,MULE_ACC_7498
CMP_00014,2026-07-10 18:52:15,Loan App Extortion,50000,MULE_ACC_2983
CMP_00015,2026-07-26 22:35:15,UPI Phishing,500000,MULE_ACC_6590
CMP_00016,2026-07-27 17:00:15,Part-time Job Scam,100000,MULE_ACC_3506
CMP_00017,2026-08-24 13:52:15,Part-time Job Scam,100000,MULE_ACC_8616
CMP_00018,2026-07-21 10:18:15,Credit Card Fraud,100000,MULE_ACC_7209
CMP_00019,2026-08-04 02:25:15,Credit Card Fraud,50000,MULE_ACC_6576
CMP_00020,2026-07-04 12:15:15,Part-time Job Scam,15000,MULE_ACC_4954
CMP_00021,2026-08-03 16:48:15,UPI Phishing,100000,MULE_ACC_8342
CMP_00022,2026-07-19 05:45:15,Part-time Job Scam,200000,MULE_ACC_7046
CMP_00023,2026-08-08 06:25:15,Credit Card Fraud,500000,MULE_ACC_8434
CMP_00024,2026-07-16 06:10:15,Investment Scam,500000,MULE_ACC_9779
CMP_00025,2026-08-19 14:51:15,UPI Phishing,200000,MULE_ACC_5636
CMP_00026,2026-07-22 20:48:15,Credit Card Fraud,200000,MULE_ACC_3073
CMP_00027,2026-08-17 00:43:15,UPI Phishing,100000,MULE_ACC_2680
CMP_00028,2026-07-25 01:06:15,UPI Phishing,50000,MULE_ACC_8827
CMP_00029,2026-08-13 17:06:15,Loan App Extortion,25000,MULE_ACC_3444
CMP_00030,2026-08-08 09:41:15,Loan App Extortion,200000,MULE_ACC_4697
CMP_00031,2026-08-28 14:30:15,Loan App Extortion,50000,MULE_ACC_1986
CMP_00032,2026-07-17 04:45:15,Investment Scam,15000,MULE_ACC_3573
CMP_00033,2026-07-30 10:47:15,Credit Card Fraud,200000,MULE_ACC_8699
CMP_00034,2026-08-28 10:07:15,Credit Card Fraud,500000,MULE_ACC_4824
CMP_00035,2026-07-11 13:17:15,Credit Card Fraud,500000,MULE_ACC_3441
CMP_00036,2026-08-11 19:55:15,Part-time Job Scam,200000,MULE_ACC_5728
CMP_00037,2026-07-29 04:35:15,Part-time Job Scam,200000,MULE_ACC_9090
CMP_00038,2026-07-24 15:19:15,Investment Scam,15000,MULE_ACC_2496
CMP_00039,2026-08-25 04:39:15,Part-time Job Scam,15000,MULE_ACC_3870
CMP_00040,2026-08-10 09:43:15,Part-time Job Scam,100000,MULE_ACC_2494
CMP_00041,2026-07-10 01:24:15,Credit Card Fraud,100000,MULE_ACC_9117
CMP_00042,2026-08-01 22:23:15,UPI Phishing,50000,MULE_ACC_6296
CMP_00043,2026-08-28 13:32:15,Investment Scam,100000,MULE_ACC_1888
CMP_00044,2026-07-31 21:16:15,Investment Scam,50000,MULE_ACC_9998
CMP_00045,2026-07-05 16:41:15,Credit Card Fraud,25000,MULE_ACC_3594
CMP_00046,2026-07-17 23:32:15,Part-time Job Scam,15000,MULE_ACC_3522
CMP_00047,2026-08-26 11:33:15,Loan App Extortion,25000,MULE_ACC_8483
CMP_00048,2026-08-20 00:58:15,Part-time Job Scam,15000,MULE_ACC_5526
CMP_00049,2026-08-24 20:21:15,Loan App Extortion,500000,MULE_ACC_5891
CMP_00050,2026-08-01 13:33:15,Loan App Extortion,50000,MULE_ACC_6446
CMP_00051,2026-08-17 03:39:15,Part-time Job Scam,100000,MULE_ACC_4826
CMP_00052,2026-08-31 08:27:15,Part-time Job Scam,500000,MULE_ACC_3492
CMP_00053,2026-08-27 23:58:15,Loan App Extortion,100000,MULE_ACC_2633
CMP_00054,2026-08-28 16:12:15,Credit Card Fraud,15000,MULE_ACC_8692
CMP_00055,2026-07-09 06:57:15,Part-time Job Scam,500000,MULE_ACC_9742
CMP_00056,2026-07-06 15:07:15,Investment Scam,25000,MULE_ACC_5708
CMP_00057,2026-08-17 23:31:15,UPI Phishing,25000,MULE_ACC_5906
CMP_00058,2026-07-26 07:30:15,Loan App Extortion,25000,MULE_ACC_5000
CMP_00059,2026-07-14 22:42:15,Part-time Job Scam,100000,MULE_ACC_4945
CMP_00060,2026-07-20 10:19:15,Part-time Job Scam,500000,MULE_ACC_1153
CMP_00061,2026-08-01 07:40:15,Credit Card Fraud,50000,MULE_ACC_7951
CMP_00062,2026-08-27 11:09:15,Loan App Extortion,25000,MULE_ACC_7248
CMP_00063,2026-08-26 17:28:15,Loan App Extortion,50000,MULE_ACC_1132
CMP_00064,2026-08-22 03:41:15,Investment Scam,50000,MULE_ACC_4588
CMP_00065,2026-08-26 00:43:15,Credit Card Fraud,15000,MULE_ACC_1645
CMP_00066,2026-07-11 23:01:15,Part-time Job Scam,50000,MULE_ACC_6352
CMP_00067,2026-08-06 13:01:15,Credit Card Fraud,50000,MULE_ACC_3695
CMP_00068,2026-08-28 06:54:15,UPI Phishing,15000,MULE_ACC_8673
CMP_00069,2026-08-19 17:28:15,UPI Phishing,200000,MULE_ACC_6992
CMP_00070,2026-08-02 07:46:15,Loan App Extortion,500000,MULE_ACC_5295
CMP_00071,2026-08-16 03:33:15,Loan App Extortion,15000,MULE_ACC_6374
CMP_00072,2026-07-23 16:29:15,UPI Phishing,15000,MULE_ACC_3290
CMP_00073,2026-07-10 03:59:15,Part-time Job Scam,200000,MULE_ACC_3222
CMP_00074,2026-08-10 19:49:15,UPI Phishing,25000,MULE_ACC_7797
CMP_00075,2026-08-17 07:16:15,Investment Scam,100000,MULE_ACC_8285
CMP_00076,2026-08-07 16:25:15,Credit Card Fraud,15000,MULE_ACC_7523
CMP_00077,2026-08-15 02:44:15,UPI Phishing,500000,MULE_ACC_1349
CMP_00078,2026-07-16 22:56:15,Loan App Extortion,200000,MULE_ACC_4394
CMP_00079,2026-08-22 00:53:15,Credit Card Fraud,200000,MULE_ACC_1046
CMP_00080,2026-08-24 01:10:15,Investment Scam,500000,MULE_ACC_1422
CMP_00081,2026-07-23 20:14:15,Investment Scam,50000,MULE_ACC_1858
CMP_00082,2026-08-01 07:35:15,Part-time Job Scam,200000,MULE_ACC_2786
CMP_00083,2026-08-19 17:36:15,UPI Phishing,50000,MULE_ACC_8504
CMP_00084,2026-08-15 23:34:15,UPI Phishing,500000,MULE_ACC_8267
CMP_00085,2026-07-12 04:42:15,Credit Card Fraud,500000,MULE_ACC_9984
CMP_00086,2026-08-02 12:41:15,UPI Phishing,100000,MULE_ACC_2624
CMP_00087,2026-08-01 03:29:15,Part-time Job Scam,50000,MULE_ACC_8430
CMP_00088,2026-07-24 17:19:15,Part-time Job Scam,50000,MULE_ACC_3500
CMP_00089,2026-07-30 23:50:15,Investment Scam,500000,MULE_ACC_7105
CMP_00090,2026-07-25 17:10:15,Part-time Job Scam,100000,MULE_ACC_6793
CMP_00091,2026-07-10 14:35:15,Part-time Job Scam,25000,MULE_ACC_3535
CMP_00092,2026-07-26 23:51:15,Part-time Job Scam,50000,MULE_ACC_4705
CMP_00093,2026-08-11 17:56:15,UPI Phishing,500000,MULE_ACC_5381
CMP_00094,2026-07-25 20:14:15,UPI Phishing,25000,MULE_ACC_7566
CMP_00095,2026-08-20 12:16:15,Part-time Job Scam,100000,MULE_ACC_7878
CMP_00096,2026-07-24 14:41:15,Investment Scam,15000,MULE_ACC_1861
CMP_00097,2026-07-09 04:31:15,Part-time Job Scam,500000,MULE_ACC_7947
CMP_00098,2026-08-21 12:10:15,UPI Phishing,50000,MULE_ACC_8043
CMP_00099,2026-08-15 05:05:15,Loan App Extortion,25000,MULE_ACC_7475
CMP_00100,2026-08-22 00:51:15,Credit Card Fraud,50000,MULE_ACC_5742
CMP_00101,2026-07-12 08:37:15,Loan App Extortion,500000,MULE_ACC_4770
CMP_00102,2026-07-29 19:05:15,Part-time Job Scam,100000,MULE_ACC_1307
CMP_00103,2026-08-09 08:48:15,Credit Card Fraud,500000,MULE_ACC_7843
CMP_00104,2026-08-24 15:32:15,UPI Phishing,500000,MULE_ACC_6928
CMP_00105,2026-08-10 08:36:15,Credit Card Fraud,15000,MULE_ACC_7484
CMP_00106,2026-08-05 16:10:15,Investment Scam,200000,MULE_ACC_9355
CMP_00107,2026-07-18 23:12:15,Investment Scam,50000,MULE_ACC_4232
CMP_00108,2026-07-15 16:34:15,Loan App Extortion,100000,MULE_ACC_8354
CMP_00109,2026-07-13 10:07:15,Credit Card Fraud,100000,MULE_ACC_8245
CMP_00110,2026-07-08 05:32:15,UPI Phishing,100000,MULE_ACC_1616
CMP_00111,2026-08-27 22:42:15,Part-time Job Scam,200000,MULE_ACC_9307
CMP_00112,2026-08-31 14:44:15,Loan App Extortion,25000,MULE_ACC_6267
CMP_00113,2026-07-10 06:48:15,Investment Scam,15000,MULE_ACC_9266
CMP_00114,2026-08-06 12:42:15,Credit Card Fraud,25000,MULE_ACC_6962
CMP_00115,2026-08-10 21:53:15,UPI Phishing,500000,MULE_ACC_6482
CMP_00116,2026-07-22 04:49:15,Credit Card Fraud,500000,MULE_ACC_3463
CMP_00117,2026-07-23 16:47:15,Investment Scam,500000,MULE_ACC_7421
CMP_00118,2026-08-08 08:44:15,Loan App Extortion,50000,MULE_ACC_3093
CMP_00119,2026-07-26 20:26:15,Investment Scam,50000,MULE_ACC_3953
CMP_00120,2026-07-18 00:12:15,UPI Phishing,15000,MULE_ACC_5846
CMP_00121,2026-08-15 06:59:15,Loan App Extortion,200000,MULE_ACC_3147
CMP_00122,2026-08-22 15:54:15,UPI Phishing,25000,MULE_ACC_8170
CMP_00123,2026-08-12 05:51:15,Investment Scam,500000,MULE_ACC_8355
CMP_00124,2026-07-27 17:39:15,Credit Card Fraud,100000,MULE_ACC_8564
CMP_00125,2026-08-25 02:54:15,Credit Card Fraud,200000,MULE_ACC_3267
CMP_00126,2026-08-31 23:48:15,Credit Card Fraud,200000,MULE_ACC_3042
CMP_00127,2026-08-30 12:12:15,Investment Scam,100000,MULE_ACC_2502
CMP_00128,2026-07-07 08:35:15,Part-time Job Scam,50000,MULE_ACC_4862
CMP_00129,2026-08-31 23:56:15,Investment Scam,500000,MULE_ACC_6493
CMP_00130,2026-08-26 00:51:15,Part-time Job Scam,500000,MULE_ACC_8685
CMP_00131,2026-07-20 02:56:15,Loan App Extortion,25000,MULE_ACC_9991
CMP_00132,2026-07-22 23:06:15,Loan App Extortion,25000,MULE_ACC_7878
CMP_00133,2026-08-06 20:43:15,Investment Scam,200000,MULE_ACC_4963
CMP_00134,2026-07-19 14:29:15,Loan App Extortion,25000,MULE_ACC_2402
CMP_00135,2026-08-05 12:38:15,Part-time Job Scam,15000,MULE_ACC_7397
CMP_00136,2026-08-19 20:25:15,Investment Scam,15000,MULE_ACC_6649
CMP_00137,2026-08-21 06:11:15,Loan App Extortion,15000,MULE_ACC_6772
CMP_00138,2026-08-02 18:33:15,Investment Scam,500000,MULE_ACC_3986
CMP_00139,2026-07-22 02:05:15,Credit Card Fraud,25000,MULE_ACC_1686
CMP_00140,2026-07-19 21:51:15,Credit Card Fraud,500000,MULE_ACC_4131
CMP_00141,2026-07-25 04:10:15,Part-time Job Scam,50000,MULE_ACC_8159
CMP_00142,2026-07-15 11:47:15,Loan App Extortion,100000,MULE_ACC_7018
CMP_00143,2026-07-31 15:55:15,Credit Card Fraud,25000,MULE_ACC_9937
CMP_00144,2026-07-22 05:31:15,Investment Scam,200000,MULE_ACC_7981
CMP_00145,2026-08-28 07:42:15,UPI Phishing,100000,MULE_ACC_5498
CMP_00146,2026-08-05 19:46:15,Investment Scam,25000,MULE_ACC_1510
CMP_00147,2026-07-11 22:18:15,Credit Card Fraud,500000,MULE_ACC_7001
CMP_00148,2026-07-13 17:31:15,Part-time Job Scam,50000,MULE_ACC_7095
CMP_00149,2026-07-29 06:44:15,UPI Phishing,50000,MULE_ACC_5089
CMP_00150,2026-07-28 13:10:15,Part-time Job Scam,50000,MULE_ACC_5264
CMP_00151,2026-08-31 11:15:15,UPI Phishing,15000,MULE_ACC_3223
CMP_00152,2026-08-24 17:57:15,UPI Phishing,50000,MULE_ACC_6692
CMP_00153,2026-08-18 19:02:15,Credit Card Fraud,500000,MULE_ACC_3852
CMP_00154,2026-07-19 11:04:15,Part-time Job Scam,50000,MULE_ACC_7044
CMP_00155,2026-07-23 08:48:15,Loan App Extortion,500000,MULE_ACC_8842
CMP_00156,2026-07-12 06:44:15,Part-time Job Scam,15000,MULE_ACC_8372
CMP_00157,2026-08-10 01:52:15,Loan App Extortion,25000,MULE_ACC_8088
CMP_00158,2026-07-23 01:13:15,Credit Card Fraud,50000,MULE_ACC_4694
CMP_00159,2026-07-16 16:38:15,Credit Card Fraud,50000,MULE_ACC_3050
CMP_00160,2026-07-14 14:40:15,Loan App Extortion,25000,MULE_ACC_3804
CMP_00161,2026-08-24 20:08:15,Investment Scam,15000,MULE_ACC_5336
CMP_00162,2026-08-04 16:37:15,Part-time Job Scam,50000,MULE_ACC_5949
CMP_00163,2026-08-01 22:47:15,Part-time Job Scam,15000,MULE_ACC_3589
CMP_00164,2026-08-11 00:23:15,Credit Card Fraud,500000,MULE_ACC_6231
CMP_00165,2026-08-07 23:23:15,UPI Phishing,25000,MULE_ACC_8642
CMP_00166,2026-07-07 05:27:15,Investment Scam,200000,MULE_ACC_7850
CMP_00167,2026-07-24 02:51:15,Loan App Extortion,25000,MULE_ACC_9163
CMP_00168,2026-07-04 22:28:15,Investment Scam,200000,MULE_ACC_8491
CMP_00169,2026-07-22 11:41:15,Credit Card Fraud,500000,MULE_ACC_8710
CMP_00170,2026-07-12 04:49:15,Credit Card Fraud,50000,MULE_ACC_7606
CMP_00171,2026-07-16 07:38:15,Part-time Job Scam,50000,MULE_ACC_2204
CMP_00172,2026-08-25 15:46:15,Investment Scam,200000,MULE_ACC_2946
CMP_00173,2026-07-27 00:15:15,Part-time Job Scam,200000,MULE_ACC_9341
CMP_00174,2026-08-18 06:54:15,Part-time Job Scam,100000,MULE_ACC_9508
CMP_00175,2026-07-24 15:23:15,Loan App Extortion,25000,MULE_ACC_7438
CMP_00176,2026-08-07 11:48:15,Part-time Job Scam,200000,MULE_ACC_5911
CMP_00177,2026-07-30 14:22:15,Loan App Extortion,500000,MULE_ACC_1436
CMP_00178,2026-08-09 03:49:15,Investment Scam,15000,MULE_ACC_8871
CMP_00179,2026-08-25 17:18:15,Investment Scam,15000,MULE_ACC_2800
CMP_00180,2026-07-30 18:16:15,Loan App Extortion,100000,MULE_ACC_9221
CMP_00181,2026-07-12 12:16:15,Part-time Job Scam,200000,MULE_ACC_6325
CMP_00182,2026-08-31 13:24:15,Credit Card Fraud,200000,MULE_ACC_6804
CMP_00183,2026-08-08 05:17:15,Investment Scam,50000,MULE_ACC_5735
CMP_00184,2026-09-01 19:20:15,Loan App Extortion,50000,MULE_ACC_2996
CMP_00185,2026-08-22 00:21:15,UPI Phishing,15000,MULE_ACC_5712
CMP_00186,2026-08-03 02:15:15,Loan App Extortion,200000,MULE_ACC_5442
CMP_00187,2026-08-10 03:18:15,Investment Scam,15000,MULE_ACC_9700
CMP_00188,2026-08-18 11:09:15,UPI Phishing,500000,MULE_ACC_3252
CMP_00189,2026-08-14 11:33:15,Credit Card Fraud,500000,MULE_ACC_4267
CMP_00190,2026-08-14 14:17:15,Investment Scam,200000,MULE_ACC_1611
CMP_00191,2026-08-26 08:53:15,Credit Card Fraud,100000,MULE_ACC_4052
CMP_00192,2026-07-10 06:21:15,Loan App Extortion,100000,MULE_ACC_9901
CMP_00193,2026-08-02 04:15:15,Investment Scam,15000,MULE_ACC_6417
CMP_00194,2026-08-20 06:53:15,Investment Scam,50000,MULE_ACC_4164
CMP_00195,2026-08-05 06:08:15,Investment Scam,100000,MULE_ACC_2562
CMP_00196,2026-07-20 08:18:15,Credit Card Fraud,100000,MULE_ACC_5374
CMP_00197,2026-07-20 16:26:15,UPI Phishing,500000,MULE_ACC_4871
CMP_00198,2026-08-16 13:02:15,UPI Phishing,500000,MULE_ACC_6095
CMP_00199,2026-07-12 11:12:15,Part-time Job Scam,100000,MULE_ACC_7121
CMP_00200,2026-08-25 02:51:15,Loan App Extortion,25000,MULE_ACC_2341
CMP_00201,2026-08-31 14:10:15,Loan App Extortion,15000,MULE_ACC_9972
CMP_00202,2026-07-24 12:31:15,Loan App Extortion,15000,MULE_ACC_4365
CMP_00203,2026-08-23 21:32:15,Part-time Job Scam,25000,MULE_ACC_9409
CMP_00204,2026-08-16 05:49:15,Credit Card Fraud,15000,MULE_ACC_7487
CMP_00205,2026-07-06 09:25:15,Loan App Extortion,500000,MULE_ACC_2044
CMP_00206,2026-07-06 05:29:15,Part-time Job Scam,25000,MULE_ACC_3218
CMP_00207,2026-08-28 08:27:15,Investment Scam,15000,MULE_ACC_9835
CMP_00208,2026-08-06 00:49:15,UPI Phishing,25000,MULE_ACC_1056
CMP_00209,2026-08-07 08:55:15,Part-time Job Scam,25000,MULE_ACC_5055
CMP_00210,2026-08-20 23:05:15,Loan App Extortion,500000,MULE_ACC_7868
CMP_00211,2026-08-10 21:31:15,Investment Scam,200000,MULE_ACC_1797
CMP_00212,2026-07-16 21:11:15,Investment Scam,200000,MULE_ACC_5739
CMP_00213,2026-08-25 06:18:15,Loan App Extortion,50000,MULE_ACC_3347
CMP_00214,2026-08-08 14:59:15,Part-time Job Scam,500000,MULE_ACC_3869
CMP_00215,2026-08-15 08:53:15,Part-time Job Scam,200000,MULE_ACC_6222
CMP_00216,2026-08-21 13:33:15,Credit Card Fraud,25000,MULE_ACC_4692
CMP_00217,2026-07-30 09:38:15,Part-time Job Scam,200000,MULE_ACC_3196
CMP_00218,2026-07-09 10:57:15,Loan App Extortion,50000,MULE_ACC_2514
CMP_00219,2026-08-11 15:05:15,Loan App Extortion,15000,MULE_ACC_4082
CMP_00220,2026-07-22 20:16:15,Part-time Job Scam,25000,MULE_ACC_2922
CMP_00221,2026-08-31 03:38:15,Part-time Job Scam,50000,MULE_ACC_5637
CMP_00222,2026-07-20 07:35:15,UPI Phishing,100000,MULE_ACC_8635
CMP_00223,2026-07-27 06:29:15,Investment Scam,15000,MULE_ACC_4625
CMP_00224,2026-08-19 09:21:15,Credit Card Fraud,25000,MULE_ACC_4214
CMP_00225,2026-08-08 16:46:15,Part-time Job Scam,50000,MULE_ACC_5216
CMP_00226,2026-07-12 19:37:15,Loan App Extortion,100000,MULE_ACC_4015
CMP_00227,2026-07-06 20:29:15,UPI Phishing,25000,MULE_ACC_4791
CMP_00228,2026-07-26 21:42:15,Part-time Job Scam,500000,MULE_ACC_8916
CMP_00229,2026-07-03 20:36:15,Loan App Extortion,500000,MULE_ACC_5501
CMP_00230,2026-08-24 01:09:15,Investment Scam,15000,MULE_ACC_9591
CMP_00231,2026-08-25 07:20:15,Credit Card Fraud,100000,MULE_ACC_2294
CMP_00232,2026-07-18 05:46:15,UPI Phishing,15000,MULE_ACC_1519
CMP_00233,2026-07-07 16:03:15,UPI Phishing,500000,MULE_ACC_3807
CMP_00234,2026-08-27 00:00:15,Investment Scam,200000,MULE_ACC_1697
CMP_00235,2026-07-20 22:02:15,Loan App Extortion,15000,MULE_ACC_5593
CMP_00236,2026-07-05 02:40:15,UPI Phishing,25000,MULE_ACC_7525
CMP_00237,2026-08-26 08:46:15,Part-time Job Scam,200000,MULE_ACC_6435
CMP_00238,2026-08-20 07:06:15,Investment Scam,15000,MULE_ACC_8161
CMP_00239,2026-07-29 06:04:15,Part-time Job Scam,500000,MULE_ACC_5478
CMP_00240,2026-07-31 01:46:15,UPI Phishing,200000,MULE_ACC_7227
CMP_00241,2026-07-07 22:20:15,Investment Scam,25000,MULE_ACC_7225
CMP_00242,2026-07-04 05:31:15,UPI Phishing,50000,MULE_ACC_5419
CMP_00243,2026-08-08 13:35:15,UPI Phishing,100000,MULE_ACC_2692
CMP_00244,2026-08-11 06:58:15,Credit Card Fraud,100000,MULE_ACC_1202
CMP_00245,2026-08-30 14:00:15,Investment Scam,25000,MULE_ACC_9537
CMP_00246,2026-07-21 11:12:15,Part-time Job Scam,15000,MULE_ACC_3739
CMP_00247,2026-07-27 04:18:15,Loan App Extortion,500000,MULE_ACC_9123
CMP_00248,2026-07-22 20:28:15,Credit Card Fraud,50000,MULE_ACC_7224
CMP_00249,2026-07-12 05:23:15,Part-time Job Scam,200000,MULE_ACC_4290
CMP_00250,2026-07-22 19:47:15,Loan App Extortion,500000,MULE_ACC_9044
CMP_00251,2026-07-27 00:02:15,Loan App Extortion,200000,MULE_ACC_4273
CMP_00252,2026-08-19 10:48:15,Credit Card Fraud,25000,MULE_ACC_8183
CMP_00253,2026-08-04 00:43:15,Credit Card Fraud,50000,MULE_ACC_4965
CMP_00254,2026-08-01 15:33:15,Loan App Extortion,200000,MULE_ACC_7566
CMP_00255,2026-07-06 07:47:15,UPI Phishing,200000,MULE_ACC_2392
CMP_00256,2026-08-14 15:05:15,Credit Card Fraud,200000,MULE_ACC_7547
CMP_00257,2026-07-18 12:50:15,Part-time Job Scam,200000,MULE_ACC_4621
CMP_00258,2026-08-17 12:12:15,Part-time Job Scam,50000,MULE_ACC_1402
CMP_00259,2026-08-26 19:12:15,Credit Card Fraud,50000,MULE_ACC_6110
CMP_00260,2026-07-26 11:09:15,Credit Card Fraud,100000,MULE_ACC_8412
CMP_00261,2026-08-27 06:44:15,Investment Scam,15000,MULE_ACC_3692
CMP_00262,2026-08-08 09:32:15,Investment Scam,25000,MULE_ACC_7636
CMP_00263,2026-07-05 19:42:15,Loan App Extortion,25000,MULE_ACC_8365
CMP_00264,2026-07-21 18:54:15,Loan App Extortion,15000,MULE_ACC_2667
CMP_00265,2026-07-11 04:45:15,Credit Card Fraud,100000,MULE_ACC_9646
CMP_00266,2026-07-11 07:25:15,Credit Card Fraud,100000,MULE_ACC_3826
CMP_00267,2026-07-23 23:18:15,Investment Scam,50000,MULE_ACC_2916
CMP_00268,2026-07-30 15:11:15,Part-time Job Scam,200000,MULE_ACC_7286
CMP_00269,2026-08-31 17:02:15,Part-time Job Scam,25000,MULE_ACC_3733
CMP_00270,2026-08-11 21:58:15,Part-time Job Scam,50000,MULE_ACC_1157
CMP_00271,2026-08-05 16:34:15,Part-time Job Scam,100000,MULE_ACC_9056
CMP_00272,2026-07-05 03:21:15,Investment Scam,15000,MULE_ACC_5503
CMP_00273,2026-08-20 11:38:15,Loan App Extortion,200000,MULE_ACC_2854
CMP_00274,2026-08-06 21:51:15,Loan App Extortion,500000,MULE_ACC_8231
CMP_00275,2026-08-26 16:51:15,UPI Phishing,25000,MULE_ACC_5877
CMP_00276,2026-08-27 23:52:15,Loan App Extortion,25000,MULE_ACC_4438
CMP_00277,2026-08-12 00:53:15,UPI Phishing,25000,MULE_ACC_4390
CMP_00278,2026-08-07 01:23:15,Credit Card Fraud,500000,MULE_ACC_5794
CMP_00279,2026-08-24 23:11:15,Credit Card Fraud,100000,MULE_ACC_1971
CMP_00280,2026-07-13 18:23:15,Part-time Job Scam,25000,MULE_ACC_7434
CMP_00281,2026-07-30 08:31:15,Part-time Job Scam,15000,MULE_ACC_2525
CMP_00282,2026-08-04 06:40:15,Part-time Job Scam,15000,MULE_ACC_2526
CMP_00283,2026-07-17 09:55:15,Credit Card Fraud,25000,MULE_ACC_9105
CMP_00284,2026-08-09 00:39:15,UPI Phishing,100000,MULE_ACC_6631
CMP_00285,2026-07-11 01:31:15,Part-time Job Scam,100000,MULE_ACC_1011
CMP_00286,2026-07-23 01:58:15,Credit Card Fraud,50000,MULE_ACC_2529
CMP_00287,2026-07-13 21:28:15,Investment Scam,500000,MULE_ACC_6005
CMP_00288,2026-07-17 11:07:15,Loan App Extortion,25000,MULE_ACC_4705
CMP_00289,2026-08-28 09:47:15,UPI Phishing,25000,MULE_ACC_8826
CMP_00290,2026-07-24 07:59:15,Part-time Job Scam,50000,MULE_ACC_3246
CMP_00291,2026-08-06 14:03:15,Part-time Job Scam,200000,MULE_ACC_3688
CMP_00292,2026-08-12 17:31:15,UPI Phishing,25000,MULE_ACC_2420
CMP_00293,2026-07-31 06:53:15,Credit Card Fraud,25000,MULE_ACC_5059
CMP_00294,2026-08-19 15:21:15,Credit Card Fraud,500000,MULE_ACC_1439
CMP_00295,2026-08-20 08:21:15,Investment Scam,500000,MULE_ACC_1894
CMP_00296,2026-08-13 15:07:15,Credit Card Fraud,200000,MULE_ACC_1197
CMP_00297,2026-07-27 13:46:15,UPI Phishing,25000,MULE_ACC_8717
CMP_00298,2026-07-16 22:02:15,Loan App Extortion,15000,MULE_ACC_7520
CMP_00299,2026-07-31 18:28:15,Loan App Extortion,15000,MULE_ACC_9791
CMP_00300,2026-07-09 13:01:15,Loan App Extortion,25000,MULE_ACC_3545
CMP_00301,2026-08-16 16:07:15,Investment Scam,50000,MULE_ACC_8167
CMP_00302,2026-08-02 15:41:15,Investment Scam,15000,MULE_ACC_6067
CMP_00303,2026-07-04 01:34:15,Loan App Extortion,50000,MULE_ACC_9568
CMP_00304,2026-08-22 04:49:15,Credit Card Fraud,15000,MULE_ACC_1480
CMP_00305,2026-08-18 14:43:15,Part-time Job Scam,15000,MULE_ACC_9128
CMP_00306,2026-07-14 07:13:15,Loan App Extortion,50000,MULE_ACC_2685
CMP_00307,2026-07-05 20:18:15,Credit Card Fraud,15000,MULE_ACC_8729
CMP_00308,2026-08-08 18:50:15,Investment Scam,500000,MULE_ACC_7870
CMP_00309,2026-08-24 22:39:15,Loan App Extortion,50000,MULE_ACC_2956
CMP_00310,2026-07-28 22:59:15,Credit Card Fraud,100000,MULE_ACC_5625
CMP_00311,2026-07-27 02:21:15,Loan App Extortion,200000,MULE_ACC_5979
CMP_00312,2026-08-22 02:49:15,Investment Scam,200000,MULE_ACC_5016
CMP_00313,2026-08-07 07:43:15,Credit Card Fraud,500000,MULE_ACC_1157
CMP_00314,2026-08-19 05:09:15,Investment Scam,25000,MULE_ACC_9680
CMP_00315,2026-08-18 04:08:15,Loan App Extortion,15000,MULE_ACC_4792
CMP_00316,2026-08-19 22:40:15,Investment Scam,15000,MULE_ACC_9280
CMP_00317,2026-07-31 17:11:15,Credit Card Fraud,25000,MULE_ACC_5778
CMP_00318,2026-08-26 19:23:15,Credit Card Fraud,50000,MULE_ACC_8417
CMP_00319,2026-08-22 14:09:15,Investment Scam,25000,MULE_ACC_2731
CMP_00320,2026-08-07 07:52:15,Credit Card Fraud,25000,MULE_ACC_8404
CMP_00321,2026-07-14 17:22:15,Investment Scam,500000,MULE_ACC_1660
CMP_00322,2026-07-29 12:06:15,Credit Card Fraud,500000,MULE_ACC_5896
CMP_00323,2026-08-08 19:38:15,Part-time Job Scam,25000,MULE_ACC_2551
CMP_00324,2026-07-03 21:56:15,Investment Scam,25000,MULE_ACC_3141
CMP_00325,2026-07-09 14:40:15,UPI Phishing,50000,MULE_ACC_2228
CMP_00326,2026-08-24 00:08:15,UPI Phishing,50000,MULE_ACC_3007
CMP_00327,2026-08-25 19:28:15,Part-time Job Scam,100000,MULE_ACC_1483
CMP_00328,2026-07-21 04:31:15,Loan App Extortion,25000,MULE_ACC_1567
CMP_00329,2026-07-30 13:33:15,Credit Card Fraud,15000,MULE_ACC_2437
CMP_00330,2026-08-29 12:18:15,UPI Phishing,500000,MULE_ACC_9907
CMP_00331,2026-08-07 11:25:15,Credit Card Fraud,200000,MULE_ACC_9231
CMP_00332,2026-08-11 03:04:15,Part-time Job Scam,50000,MULE_ACC_1959
CMP_00333,2026-07-13 23:18:15,Credit Card Fraud,500000,MULE_ACC_4951
CMP_00334,2026-08-09 08:25:15,Investment Scam,25000,MULE_ACC_3885
CMP_00335,2026-07-05 18:47:15,Loan App Extortion,50000,MULE_ACC_3328
CMP_00336,2026-07-23 01:34:15,UPI Phishing,15000,MULE_ACC_2478
CMP_00337,2026-08-02 20:24:15,Investment Scam,200000,MULE_ACC_4300
CMP_00338,2026-07-05 00:40:15,UPI Phishing,500000,MULE_ACC_3320
CMP_00339,2026-08-18 17:28:15,Credit Card Fraud,200000,MULE_ACC_2655
CMP_00340,2026-07-31 16:34:15,Investment Scam,500000,MULE_ACC_6198
CMP_00341,2026-08-15 14:55:15,Credit Card Fraud,25000,MULE_ACC_7199
CMP_00342,2026-08-09 08:57:15,Investment Scam,200000,MULE_ACC_1530
CMP_00343,2026-08-13 14:09:15,Credit Card Fraud,100000,MULE_ACC_3304
CMP_00344,2026-08-12 22:55:15,Part-time Job Scam,500000,MULE_ACC_6500
CMP_00345,2026-07-08 07:19:15,UPI Phishing,15000,MULE_ACC_1020
CMP_00346,2026-08-29 09:34:15,Loan App Extortion,100000,MULE_ACC_6754
CMP_00347,2026-08-14 17:17:15,UPI Phishing,25000,MULE_ACC_8393
CMP_00348,2026-07-09 22:24:15,Investment Scam,25000,MULE_ACC_7151
CMP_00349,2026-08-11 16:00:15,Part-time Job Scam,100000,MULE_ACC_1507
CMP_00350,2026-07-06 23:24:15,Part-time Job Scam,25000,MULE_ACC_4112
CMP_00351,2026-08-15 05:22:15,UPI Phishing,25000,MULE_ACC_2571
CMP_00352,2026-07-07 07:03:15,Credit Card Fraud,100000,MULE_ACC_2435
CMP_00353,2026-07-05 02:13:15,UPI Phishing,500000,MULE_ACC_5781
CMP_00354,2026-08-03 12:00:15,UPI Phishing,500000,MULE_ACC_5341
CMP_00355,2026-07-27 01:31:15,Part-time Job Scam,15000,MULE_ACC_5313
CMP_00356,2026-07-07 00:51:15,UPI Phishing,500000,MULE_ACC_2584
CMP_00357,2026-07-18 13:06:15,Part-time Job Scam,100000,MULE_ACC_9561
CMP_00358,2026-08-29 03:33:15,Part-time Job Scam,50000,MULE_ACC_2293
CMP_00359,2026-08-16 15:12:15,Investment Scam,15000,MULE_ACC_8357
CMP_00360,2026-07-06 09:08:15,Investment Scam,500000,MULE_ACC_8133
CMP_00361,2026-07-24 20:01:15,Part-time Job Scam,15000,MULE_ACC_2425
CMP_00362,2026-08-06 11:01:15,Part-time Job Scam,15000,MULE_ACC_9561
CMP_00363,2026-08-10 14:51:15,Loan App Extortion,15000,MULE_ACC_2730
CMP_00364,2026-08-29 09:19:15,Loan App Extortion,100000,MULE_ACC_8955
CMP_00365,2026-07-29 00:42:15,UPI Phishing,200000,MULE_ACC_7581
CMP_00366,2026-07-18 21:50:15,Credit Card Fraud,100000,MULE_ACC_5400
CMP_00367,2026-07-21 11:57:15,Investment Scam,500000,MULE_ACC_2609
CMP_00368,2026-07-21 19:29:15,Investment Scam,200000,MULE_ACC_2462
CMP_00369,2026-08-04 12:58:15,Loan App Extortion,50000,MULE_ACC_1920
CMP_00370,2026-07-12 12:59:15,Investment Scam,200000,MULE_ACC_1474
CMP_00371,2026-07-18 21:32:15,Investment Scam,15000,MULE_ACC_6904
CMP_00372,2026-07-29 17:02:15,Investment Scam,15000,MULE_ACC_1500
CMP_00373,2026-08-28 11:40:15,Credit Card Fraud,200000,MULE_ACC_6730
CMP_00374,2026-08-26 18:08:15,Part-time Job Scam,50000,MULE_ACC_1449
CMP_00375,2026-08-27 03:44:15,Credit Card Fraud,25000,MULE_ACC_4387
CMP_00376,2026-08-03 00:44:15,Investment Scam,25000,MULE_ACC_1138
CMP_00377,2026-08-18 16:20:15,Credit Card Fraud,100000,MULE_ACC_7168
CMP_00378,2026-08-16 12:55:15,Loan App Extortion,200000,MULE_ACC_7506
CMP_00379,2026-08-08 16:41:15,Credit Card Fraud,200000,MULE_ACC_5631
CMP_00380,2026-08-13 06:58:15,Credit Card Fraud,50000,MULE_ACC_5278
CMP_00381,2026-08-24 15:28:15,Investment Scam,500000,MULE_ACC_6236
CMP_00382,2026-08-31 09:28:15,Loan App Extortion,100000,MULE_ACC_1578
CMP_00383,2026-08-18 03:46:15,Credit Card Fraud,200000,MULE_ACC_8794
CMP_00384,2026-08-29 13:14:15,Part-time Job Scam,50000,MULE_ACC_2599
CMP_00385,2026-08-16 06:44:15,Credit Card Fraud,15000,MULE_ACC_4641
CMP_00386,2026-08-23 06:26:15,Part-time Job Scam,50000,MULE_ACC_5817
CMP_00387,2026-08-10 15:07:15,Loan App Extortion,100000,MULE_ACC_4187
CMP_00388,2026-07-23 09:06:15,Investment Scam,25000,MULE_ACC_3250
CMP_00389,2026-07-13 06:58:15,UPI Phishing,500000,MULE_ACC_3954
CMP_00390,2026-08-12 21:03:15,Investment Scam,100000,MULE_ACC_5481
CMP_00391,2026-08-22 22:11:15,Part-time Job Scam,200000,MULE_ACC_8105
CMP_00392,2026-07-03 21:37:15,UPI Phishing,25000,MULE_ACC_7112
CMP_00393,2026-07-05 17:03:15,Investment Scam,500000,MULE_ACC_5076
CMP_00394,2026-08-05 14:22:15,UPI Phishing,25000,MULE_ACC_2069
CMP_00395,2026-08-06 15:36:15,Investment Scam,50000,MULE_ACC_8105
CMP_00396,2026-08-21 02:13:15,Investment Scam,100000,MULE_ACC_1313
CMP_00397,2026-08-18 20:40:15,UPI Phishing,200000,MULE_ACC_3768
CMP_00398,2026-08-29 16:19:15,Loan App Extortion,200000,MULE_ACC_1796
CMP_00399,2026-08-16 23:29:15,UPI Phishing,100000,MULE_ACC_7230
CMP_00400,2026-08-17 17:43:15,Part-time Job Scam,15000,MULE_ACC_5933
CMP_00401,2026-08-11 18:11:15,Loan App Extortion,100000,MULE_ACC_2718
CMP_00402,2026-08-04 02:41:15,Loan App Extortion,25000,MULE_ACC_5308
CMP_00403,2026-07-13 21:38:15,Part-time Job Scam,100000,MULE_ACC_4402
CMP_00404,2026-07-08 23:56:15,Investment Scam,200000,MULE_ACC_9095
CMP_00405,2026-08-19 00:00:15,Part-time Job Scam,50000,MULE_ACC_4787
CMP_00406,2026-08-25 01:58:15,Credit Card Fraud,15000,MULE_ACC_5760
CMP_00407,2026-08-26 21:03:15,Credit Card Fraud,25000,MULE_ACC_3793
CMP_00408,2026-07-09 07:55:15,UPI Phishing,50000,MULE_ACC_3996
CMP_00409,2026-08-26 08:47:15,Investment Scam,100000,MULE_ACC_7909
CMP_00410,2026-07-10 10:01:15,Loan App Extortion,200000,MULE_ACC_8908
CMP_00411,2026-08-11 20:58:15,Part-time Job Scam,500000,MULE_ACC_3140
CMP_00412,2026-07-05 22:19:15,UPI Phishing,500000,MULE_ACC_6148
CMP_00413,2026-08-09 03:45:15,Loan App Extortion,50000,MULE_ACC_9504
CMP_00414,2026-07-19 11:25:15,Investment Scam,500000,MULE_ACC_7305
CMP_00415,2026-08-14 01:35:15,Investment Scam,100000,MULE_ACC_9123
CMP_00416,2026-07-25 04:06:15,Loan App Extortion,200000,MULE_ACC_4648
CMP_00417,2026-08-02 10:54:15,UPI Phishing,200000,MULE_ACC_8341
CMP_00418,2026-08-20 16:04:15,Part-time Job Scam,15000,MULE_ACC_7609
CMP_00419,2026-08-23 15:42:15,Loan App Extortion,500000,MULE_ACC_5990
CMP_00420,2026-07-25 07:55:15,Part-time Job Scam,15000,MULE_ACC_4652
CMP_00421,2026-08-03 18:45:15,UPI Phishing,50000,MULE_ACC_8414
CMP_00422,2026-07-25 07:56:15,Loan App Extortion,500000,MULE_ACC_5783
CMP_00423,2026-08-30 01:34:15,UPI Phishing,25000,MULE_ACC_7704
CMP_00424,2026-09-01 08:16:15,Credit Card Fraud,100000,MULE_ACC_4122
CMP_00425,2026-08-26 17:40:15,Part-time Job Scam,15000,MULE_ACC_8381
CMP_00426,2026-07-04 12:50:15,Loan App Extortion,15000,MULE_ACC_8091
CMP_00427,2026-08-10 01:49:15,Part-time Job Scam,25000,MULE_ACC_2696
CMP_00428,2026-08-29 08:29:15,Credit Card Fraud,200000,MULE_ACC_5067
CMP_00429,2026-08-24 00:11:15,Credit Card Fraud,100000,MULE_ACC_9393
CMP_00430,2026-07-17 02:16:15,Credit Card Fraud,200000,MULE_ACC_5760
CMP_00431,2026-08-07 18:43:15,Credit Card Fraud,50000,MULE_ACC_2890
CMP_00432,2026-08-18 09:46:15,Credit Card Fraud,500000,MULE_ACC_9747
CMP_00433,2026-07-05 08:12:15,Investment Scam,15000,MULE_ACC_1927
CMP_00434,2026-08-16 04:12:15,Investment Scam,15000,MULE_ACC_5835
CMP_00435,2026-08-12 17:50:15,Loan App Extortion,200000,MULE_ACC_4675
CMP_00436,2026-08-14 22:02:15,Part-time Job Scam,100000,MULE_ACC_7349
CMP_00437,2026-08-20 04:15:15,Investment Scam,200000,MULE_ACC_8259
CMP_00438,2026-08-11 02:52:15,Credit Card Fraud,500000,MULE_ACC_4170
CMP_00439,2026-07-15 01:50:15,Part-time Job Scam,200000,MULE_ACC_2955
CMP_00440,2026-07-12 01:40:15,Credit Card Fraud,50000,MULE_ACC_1092
CMP_00441,2026-07-13 06:41:15,Part-time Job Scam,15000,MULE_ACC_5934
CMP_00442,2026-07-24 12:17:15,UPI Phishing,25000,MULE_ACC_9529
CMP_00443,2026-07-28 22:25:15,Credit Card Fraud,25000,MULE_ACC_4495
CMP_00444,2026-08-06 11:38:15,UPI Phishing,500000,MULE_ACC_1144
CMP_00445,2026-08-31 15:18:15,Part-time Job Scam,15000,MULE_ACC_6258
CMP_00446,2026-07-21 21:01:15,Loan App Extortion,200000,MULE_ACC_7143
CMP_00447,2026-08-30 16:15:15,UPI Phishing,50000,MULE_ACC_9419
CMP_00448,2026-07-04 16:07:15,Part-time Job Scam,25000,MULE_ACC_4492
CMP_00449,2026-08-24 22:50:15,UPI Phishing,500000,MULE_ACC_3519
CMP_00450,2026-07-07 21:14:15,Loan App Extortion,50000,MULE_ACC_2154
CMP_00451,2026-08-01 16:28:15,UPI Phishing,100000,MULE_ACC_6183
CMP_00452,2026-08-14 19:42:15,UPI Phishing,15000,MULE_ACC_1745
CMP_00453,2026-08-23 17:22:15,Credit Card Fraud,200000,MULE_ACC_2417
CMP_00454,2026-08-03 01:37:15,Part-time Job Scam,25000,MULE_ACC_3234
CMP_00455,2026-07-23 17:59:15,UPI Phishing,500000,MULE_ACC_7113
CMP_00456,2026-07-05 20:39:15,Loan App Extortion,200000,MULE_ACC_7456
CMP_00457,2026-08-20 20:00:15,Investment Scam,500000,MULE_ACC_6633
CMP_00458,2026-07-14 01:17:15,Investment Scam,200000,MULE_ACC_5140
CMP_00459,2026-08-27 13:32:15,Credit Card Fraud,500000,MULE_ACC_2198
CMP_00460,2026-08-10 11:24:15,Investment Scam,50000,MULE_ACC_3100
CMP_00461,2026-07-24 11:31:15,Loan App Extortion,50000,MULE_ACC_6008
CMP_00462,2026-07-31 01:03:15,Investment Scam,50000,MULE_ACC_5033
CMP_00463,2026-08-16 19:24:15,Part-time Job Scam,100000,MULE_ACC_8583
CMP_00464,2026-07-10 01:44:15,Credit Card Fraud,200000,MULE_ACC_2343
CMP_00465,2026-08-19 16:07:15,UPI Phishing,500000,MULE_ACC_2235
CMP_00466,2026-07-29 14:16:15,Loan App Extortion,15000,MULE_ACC_5269
CMP_00467,2026-07-29 04:00:15,Investment Scam,200000,MULE_ACC_5767
CMP_00468,2026-07-27 12:03:15,Loan App Extortion,500000,MULE_ACC_4913
CMP_00469,2026-07-14 01:39:15,Part-time Job Scam,200000,MULE_ACC_3395
CMP_00470,2026-07-08 04:26:15,Investment Scam,25000,MULE_ACC_1701
CMP_00471,2026-08-03 10:59:15,Credit Card Fraud,15000,MULE_ACC_1653
CMP_00472,2026-08-26 04:56:15,Loan App Extortion,500000,MULE_ACC_5314
CMP_00473,2026-07-28 07:40:15,Loan App Extortion,500000,MULE_ACC_2275
CMP_00474,2026-07-29 07:55:15,Part-time Job Scam,50000,MULE_ACC_8976
CMP_00475,2026-07-14 03:07:15,Investment Scam,200000,MULE_ACC_5600
CMP_00476,2026-08-17 23:45:15,Credit Card Fraud,25000,MULE_ACC_7793
CMP_00477,2026-07-17 14:13:15,UPI Phishing,500000,MULE_ACC_7732
CMP_00478,2026-07-14 00:43:15,Loan App Extortion,200000,MULE_ACC_1642
CMP_00479,2026-08-06 08:41:15,Credit Card Fraud,200000,MULE_ACC_1305
CMP_00480,2026-08-28 11:13:15,Loan App Extortion,25000,MULE_ACC_7730
CMP_00481,2026-08-15 12:19:15,Part-time Job Scam,25000,MULE_ACC_6614
CMP_00482,2026-07-28 00:09:15,Loan App Extortion,15000,MULE_ACC_4315
CMP_00483,2026-07-10 01:33:15,Loan App Extortion,200000,MULE_ACC_1639
CMP_00484,2026-08-15 01:00:15,UPI Phishing,200000,MULE_ACC_9835
CMP_00485,2026-08-17 12:30:15,Part-time Job Scam,25000,MULE_ACC_8899
CMP_00486,2026-07-31 00:19:15,UPI Phishing,100000,MULE_ACC_4809
CMP_00487,2026-07-20 02:03:15,Loan App Extortion,500000,MULE_ACC_1116
CMP_00488,2026-08-14 02:47:15,Credit Card Fraud,50000,MULE_ACC_7698
CMP_00489,2026-07-20 04:57:15,Loan App Extortion,200000,MULE_ACC_7939
CMP_00490,2026-07-30 13:53:15,Investment Scam,200000,MULE_ACC_8904
CMP_00491,2026-07-23 14:25:15,Investment Scam,500000,MULE_ACC_7522
CMP_00492,2026-07-13 23:16:15,Credit Card Fraud,200000,MULE_ACC_7562
CMP_00493,2026-07-28 16:03:15,Part-time Job Scam,15000,MULE_ACC_3381
CMP_00494,2026-07-18 07:08:15,Part-time Job Scam,200000,MULE_ACC_1618
CMP_00495,2026-08-18 15:06:15,Part-time Job Scam,25000,MULE_ACC_9099
CMP_00496,2026-07-22 02:05:15,Loan App Extortion,200000,MULE_ACC_9364
CMP_00497,2026-07-19 16:03:15,Credit Card Fraud,25000,MULE_ACC_2422
CMP_00498,2026-08-10 02:36:15,UPI Phishing,15000,MULE_ACC_2124
CMP_00499,2026-07-26 07:55:15,Loan App Extortion,50000,MULE_ACC_4707
CMP_00500,2026-07-04 04:14:15,UPI Phishing,100000,MULE_ACC_9294
CMP_00501,2026-07-11 12:19:15,Part-time Job Scam,200000,MULE_ACC_5098
CMP_00502,2026-08-22 10:46:15,Part-time Job Scam,100000,MULE_ACC_1448
CMP_00503,2026-08-23 03:46:15,Credit Card Fraud,500000,MULE_ACC_4767
CMP_00504,2026-07-04 18:56:15,Credit Card Fraud,50000,MULE_ACC_5067
CMP_00505,2026-08-08 01:33:15,Investment Scam,50000,MULE_ACC_6792
CMP_00506,2026-08-04 19:15:15,Credit Card Fraud,25000,MULE_ACC_4965
CMP_00507,2026-07-26 00:52:15,UPI Phishing,15000,MULE_ACC_2964
CMP_00508,2026-08-27 11:26:15,Part-time Job Scam,200000,MULE_ACC_6167
CMP_00509,2026-08-21 12:20:15,Loan App Extortion,100000,MULE_ACC_4638
CMP_00510,2026-08-06 21:35:15,Investment Scam,50000,MULE_ACC_7450
CMP_00511,2026-07-24 18:03:15,Part-time Job Scam,15000,MULE_ACC_4452
CMP_00512,2026-08-28 04:14:15,Investment Scam,200000,MULE_ACC_5306
CMP_00513,2026-07-27 01:34:15,Part-time Job Scam,100000,MULE_ACC_4449
CMP_00514,2026-08-01 01:39:15,UPI Phishing,25000,MULE_ACC_4744
CMP_00515,2026-08-27 08:15:15,Part-time Job Scam,25000,MULE_ACC_3450
CMP_00516,2026-08-30 16:36:15,Part-time Job Scam,200000,MULE_ACC_6172
CMP_00517,2026-07-28 23:47:15,Investment Scam,25000,MULE_ACC_1983
CMP_00518,2026-08-01 19:24:15,Credit Card Fraud,50000,MULE_ACC_6914
CMP_00519,2026-07-05 09:10:15,Loan App Extortion,50000,MULE_ACC_4259
CMP_00520,2026-08-22 05:25:15,Part-time Job Scam,50000,MULE_ACC_9363
CMP_00521,2026-07-22 10:43:15,Credit Card Fraud,25000,MULE_ACC_3745
CMP_00522,2026-08-26 22:08:15,Investment Scam,25000,MULE_ACC_6629
CMP_00523,2026-07-21 15:44:15,Part-time Job Scam,100000,MULE_ACC_5444
CMP_00524,2026-07-30 01:14:15,Investment Scam,15000,MULE_ACC_3048
CMP_00525,2026-07-14 08:09:15,Part-time Job Scam,15000,MULE_ACC_2045
CMP_00526,2026-08-20 22:09:15,UPI Phishing,50000,MULE_ACC_3544
CMP_00527,2026-07-22 10:43:15,Loan App Extortion,25000,MULE_ACC_3150
CMP_00528,2026-08-28 06:58:15,Loan App Extortion,100000,MULE_ACC_8654
CMP_00529,2026-08-07 01:40:15,Loan App Extortion,200000,MULE_ACC_8480
CMP_00530,2026-07-23 07:33:15,UPI Phishing,200000,MULE_ACC_4721
CMP_00531,2026-07-13 05:03:15,Investment Scam,15000,MULE_ACC_9574
CMP_00532,2026-08-17 11:51:15,UPI Phishing,100000,MULE_ACC_5908
CMP_00533,2026-08-08 07:15:15,Part-time Job Scam,100000,MULE_ACC_8161
CMP_00534,2026-08-26 08:17:15,Part-time Job Scam,50000,MULE_ACC_2297
CMP_00535,2026-08-16 04:21:15,Credit Card Fraud,500000,MULE_ACC_9715
CMP_00536,2026-07-12 05:10:15,Loan App Extortion,500000,MULE_ACC_8460
CMP_00537,2026-07-16 06:04:15,Loan App Extortion,25000,MULE_ACC_1813
CMP_00538,2026-07-21 00:48:15,Investment Scam,100000,MULE_ACC_1134
CMP_00539,2026-07-25 09:22:15,Part-time Job Scam,100000,MULE_ACC_7084
CMP_00540,2026-07-21 08:07:15,Investment Scam,200000,MULE_ACC_8702
CMP_00541,2026-08-25 20:10:15,Part-time Job Scam,500000,MULE_ACC_5078
CMP_00542,2026-08-02 19:52:15,Investment Scam,15000,MULE_ACC_9538
CMP_00543,2026-07-14 16:49:15,UPI Phishing,15000,MULE_ACC_9534
CMP_00544,2026-07-26 21:58:15,UPI Phishing,500000,MULE_ACC_4568
CMP_00545,2026-07-14 04:40:15,Investment Scam,15000,MULE_ACC_7484
CMP_00546,2026-08-03 18:41:15,UPI Phishing,25000,MULE_ACC_7084
CMP_00547,2026-08-12 07:02:15,UPI Phishing,500000,MULE_ACC_1983
CMP_00548,2026-07-12 11:17:15,Part-time Job Scam,50000,MULE_ACC_6690
CMP_00549,2026-08-19 00:19:15,Part-time Job Scam,15000,MULE_ACC_8951
CMP_00550,2026-08-09 01:37:15,Part-time Job Scam,50000,MULE_ACC_6303
CMP_00551,2026-07-08 12:12:15,Credit Card Fraud,100000,MULE_ACC_5844
CMP_00552,2026-08-05 08:49:15,Loan App Extortion,25000,MULE_ACC_1306
CMP_00553,2026-08-18 22:45:15,Investment Scam,200000,MULE_ACC_7348
CMP_00554,2026-08-12 05:23:15,UPI Phishing,100000,MULE_ACC_6276
CMP_00555,2026-08-26 00:14:15,UPI Phishing,15000,MULE_ACC_4310
CMP_00556,2026-08-14 08:45:15,Loan App Extortion,100000,MULE_ACC_9615
CMP_00557,2026-08-11 18:07:15,Part-time Job Scam,15000,MULE_ACC_4419
CMP_00558,2026-07-27 13:50:15,UPI Phishing,100000,MULE_ACC_7046
CMP_00559,2026-07-08 05:07:15,UPI Phishing,25000,MULE_ACC_9511
CMP_00560,2026-07-16 02:36:15,Loan App Extortion,500000,MULE_ACC_5075
CMP_00561,2026-08-08 09:50:15,Part-time Job Scam,15000,MULE_ACC_6864
CMP_00562,2026-08-08 08:35:15,Loan App Extortion,50000,MULE_ACC_3591
CMP_00563,2026-08-08 06:57:15,Part-time Job Scam,50000,MULE_ACC_7755
CMP_00564,2026-07-17 08:52:15,Credit Card Fraud,200000,MULE_ACC_5162
CMP_00565,2026-08-18 21:21:15,Loan App Extortion,200000,MULE_ACC_1267
CMP_00566,2026-07-23 03:16:15,Credit Card Fraud,50000,MULE_ACC_1355
CMP_00567,2026-07-12 23:05:15,Investment Scam,100000,MULE_ACC_6827
CMP_00568,2026-07-18 04:54:15,Loan App Extortion,50000,MULE_ACC_2505
CMP_00569,2026-07-08 19:23:15,Part-time Job Scam,100000,MULE_ACC_3832
CMP_00570,2026-08-14 05:05:15,UPI Phishing,500000,MULE_ACC_7251
CMP_00571,2026-08-29 09:29:15,Loan App Extortion,15000,MULE_ACC_4714
CMP_00572,2026-07-23 12:05:15,Loan App Extortion,50000,MULE_ACC_9846
CMP_00573,2026-07-07 17:49:15,Loan App Extortion,100000,MULE_ACC_8300
CMP_00574,2026-07-22 08:12:15,UPI Phishing,25000,MULE_ACC_6507
CMP_00575,2026-07-29 04:08:15,Part-time Job Scam,100000,MULE_ACC_9221
CMP_00576,2026-07-16 11:28:15,Loan App Extortion,500000,MULE_ACC_4212
CMP_00577,2026-07-18 22:20:15,Loan App Extortion,100000,MULE_ACC_6298
CMP_00578,2026-07-27 07:15:15,Loan App Extortion,50000,MULE_ACC_6644
CMP_00579,2026-08-12 10:42:15,UPI Phishing,25000,MULE_ACC_8216
CMP_00580,2026-08-21 19:57:15,UPI Phishing,15000,MULE_ACC_2841
CMP_00581,2026-07-04 06:47:15,Part-time Job Scam,15000,MULE_ACC_5999
CMP_00582,2026-08-07 02:16:15,Credit Card Fraud,200000,MULE_ACC_9573
CMP_00583,2026-08-17 17:04:15,UPI Phishing,100000,MULE_ACC_9631
CMP_00584,2026-08-23 18:42:15,Part-time Job Scam,50000,MULE_ACC_1869
CMP_00585,2026-08-15 17:26:15,Credit Card Fraud,15000,MULE_ACC_1312
CMP_00586,2026-08-18 00:00:15,Loan App Extortion,50000,MULE_ACC_8940
CMP_00587,2026-08-02 14:02:15,UPI Phishing,500000,MULE_ACC_1352
CMP_00588,2026-08-04 08:50:15,Credit Card Fraud,25000,MULE_ACC_1301
CMP_00589,2026-08-05 04:54:15,Part-time Job Scam,15000,MULE_ACC_5221
CMP_00590,2026-07-13 07:00:15,UPI Phishing,100000,MULE_ACC_3248
CMP_00591,2026-08-28 16:46:15,Investment Scam,25000,MULE_ACC_7837
CMP_00592,2026-07-25 10:37:15,Investment Scam,25000,MULE_ACC_4387
CMP_00593,2026-07-23 18:48:15,Part-time Job Scam,200000,MULE_ACC_3215
CMP_00594,2026-07-23 22:38:15,Investment Scam,200000,MULE_ACC_2939
CMP_00595,2026-07-05 06:59:15,Credit Card Fraud,100000,MULE_ACC_7737
CMP_00596,2026-08-22 02:09:15,UPI Phishing,25000,MULE_ACC_4026
CMP_00597,2026-07-18 15:17:15,Credit Card Fraud,25000,MULE_ACC_1427
CMP_00598,2026-08-05 15:33:15,Investment Scam,500000,MULE_ACC_7126
CMP_00599,2026-07-16 03:05:15,Credit Card Fraud,100000,MULE_ACC_1245
CMP_00600,2026-08-21 02:07:15,Loan App Extortion,25000,MULE_ACC_8197
CMP_00601,2026-07-31 08:52:15,Credit Card Fraud,15000,MULE_ACC_7232
CMP_00602,2026-08-07 12:44:15,Loan App Extortion,500000,MULE_ACC_1630
CMP_00603,2026-08-06 13:28:15,Loan App Extortion,500000,MULE_ACC_1643
CMP_00604,2026-07-16 05:31:15,Credit Card Fraud,100000,MULE_ACC_5989
CMP_00605,2026-08-30 21:47:15,Part-time Job Scam,200000,MULE_ACC_3330
CMP_00606,2026-07-15 15:00:15,Investment Scam,500000,MULE_ACC_9952
CMP_00607,2026-07-15 10:40:15,Part-time Job Scam,500000,MULE_ACC_4308
CMP_00608,2026-08-23 01:48:15,UPI Phishing,500000,MULE_ACC_3024
CMP_00609,2026-08-06 18:27:15,Loan App Extortion,500000,MULE_ACC_9383
CMP_00610,2026-08-22 02:01:15,Investment Scam,50000,MULE_ACC_3459
CMP_00611,2026-07-23 05:49:15,Investment Scam,100000,MULE_ACC_5731
CMP_00612,2026-08-12 04:03:15,Part-time Job Scam,100000,MULE_ACC_9153
CMP_00613,2026-07-17 14:45:15,Part-time Job Scam,100000,MULE_ACC_8434
CMP_00614,2026-07-19 13:20:15,UPI Phishing,200000,MULE_ACC_4401
CMP_00615,2026-07-06 00:57:15,Credit Card Fraud,15000,MULE_ACC_5889
CMP_00616,2026-07-14 17:21:15,Part-time Job Scam,200000,MULE_ACC_3906
CMP_00617,2026-08-22 05:23:15,UPI Phishing,50000,MULE_ACC_7208
CMP_00618,2026-08-03 00:10:15,Credit Card Fraud,500000,MULE_ACC_5496
CMP_00619,2026-07-17 15:06:15,UPI Phishing,15000,MULE_ACC_9666
CMP_00620,2026-08-11 06:19:15,Investment Scam,200000,MULE_ACC_6797
CMP_00621,2026-08-13 11:34:15,Credit Card Fraud,25000,MULE_ACC_4812
CMP_00622,2026-08-12 23:50:15,Part-time Job Scam,25000,MULE_ACC_7793
CMP_00623,2026-07-16 20:43:15,Credit Card Fraud,25000,MULE_ACC_5614
CMP_00624,2026-07-23 20:10:15,Credit Card Fraud,500000,MULE_ACC_6460
CMP_00625,2026-07-16 06:56:15,Part-time Job Scam,50000,MULE_ACC_8849
CMP_00626,2026-08-13 11:00:15,Part-time Job Scam,200000,MULE_ACC_6490
CMP_00627,2026-07-23 14:49:15,Loan App Extortion,500000,MULE_ACC_6169
CMP_00628,2026-07-25 07:07:15,UPI Phishing,25000,MULE_ACC_5595
CMP_00629,2026-08-09 15:27:15,Credit Card Fraud,25000,MULE_ACC_2914
CMP_00630,2026-07-09 11:59:15,Part-time Job Scam,25000,MULE_ACC_7088
CMP_00631,2026-07-11 07:53:15,UPI Phishing,15000,MULE_ACC_4311
CMP_00632,2026-07-13 02:24:15,Credit Card Fraud,100000,MULE_ACC_9579
CMP_00633,2026-08-16 00:16:15,Part-time Job Scam,500000,MULE_ACC_1598
CMP_00634,2026-07-04 06:02:15,Credit Card Fraud,15000,MULE_ACC_2426
CMP_00635,2026-08-22 17:50:15,Loan App Extortion,50000,MULE_ACC_1368
CMP_00636,2026-07-16 02:21:15,Credit Card Fraud,50000,MULE_ACC_9720
CMP_00637,2026-07-14 04:10:15,UPI Phishing,15000,MULE_ACC_9422
CMP_00638,2026-07-21 00:48:15,Investment Scam,50000,MULE_ACC_5011
CMP_00639,2026-07-31 21:11:15,UPI Phishing,15000,MULE_ACC_8712
CMP_00640,2026-07-29 01:48:15,Loan App Extortion,200000,MULE_ACC_8304
CMP_00641,2026-08-21 17:54:15,Part-time Job Scam,200000,MULE_ACC_2286
CMP_00642,2026-08-02 05:46:15,Part-time Job Scam,500000,MULE_ACC_8625
CMP_00643,2026-07-20 07:28:15,Credit Card Fraud,25000,MULE_ACC_6412
CMP_00644,2026-07-11 07:33:15,Credit Card Fraud,100000,MULE_ACC_3798
CMP_00645,2026-07-10 08:55:15,Credit Card Fraud,500000,MULE_ACC_2752
CMP_00646,2026-08-02 08:40:15,Loan App Extortion,100000,MULE_ACC_4908
CMP_00647,2026-07-08 06:16:15,Part-time Job Scam,500000,MULE_ACC_8063
CMP_00648,2026-07-19 01:45:15,Loan App Extortion,500000,MULE_ACC_2276
CMP_00649,2026-07-24 13:09:15,Credit Card Fraud,100000,MULE_ACC_3886
CMP_00650,2026-08-25 15:52:15,Part-time Job Scam,100000,MULE_ACC_6364
CMP_00651,2026-08-30 16:54:15,Investment Scam,15000,MULE_ACC_3403
CMP_00652,2026-08-09 10:15:15,Credit Card Fraud,25000,MULE_ACC_6187
CMP_00653,2026-08-18 07:08:15,Loan App Extortion,200000,MULE_ACC_1133
CMP_00654,2026-07-07 08:00:15,UPI Phishing,200000,MULE_ACC_1870
CMP_00655,2026-08-28 05:58:15,Part-time Job Scam,15000,MULE_ACC_4854
CMP_00656,2026-07-28 08:27:15,Investment Scam,100000,MULE_ACC_9931
CMP_00657,2026-07-28 07:56:15,Credit Card Fraud,100000,MULE_ACC_3527
CMP_00658,2026-07-05 00:49:15,Investment Scam,100000,MULE_ACC_8155
CMP_00659,2026-08-30 18:41:15,Part-time Job Scam,100000,MULE_ACC_3945
CMP_00660,2026-07-26 03:14:15,Loan App Extortion,100000,MULE_ACC_1121
CMP_00661,2026-08-05 04:29:15,UPI Phishing,200000,MULE_ACC_7012
CMP_00662,2026-08-10 11:47:15,Loan App Extortion,15000,MULE_ACC_3327
CMP_00663,2026-08-29 15:08:15,UPI Phishing,25000,MULE_ACC_8740
CMP_00664,2026-07-07 06:37:15,Part-time Job Scam,15000,MULE_ACC_8681
CMP_00665,2026-07-25 09:25:15,Investment Scam,50000,MULE_ACC_5738
CMP_00666,2026-08-23 14:19:15,Loan App Extortion,15000,MULE_ACC_8752
CMP_00667,2026-08-24 19:42:15,Part-time Job Scam,15000,MULE_ACC_5699
CMP_00668,2026-07-20 00:42:15,Credit Card Fraud,50000,MULE_ACC_5509
CMP_00669,2026-08-20 00:45:15,Investment Scam,100000,MULE_ACC_7058
CMP_00670,2026-07-15 12:58:15,UPI Phishing,15000,MULE_ACC_6617
CMP_00671,2026-08-21 09:52:15,Part-time Job Scam,100000,MULE_ACC_4898
CMP_00672,2026-08-14 04:51:15,Investment Scam,15000,MULE_ACC_1860
CMP_00673,2026-08-20 13:17:15,Part-time Job Scam,100000,MULE_ACC_7390
CMP_00674,2026-07-22 10:27:15,Loan App Extortion,500000,MULE_ACC_6172
CMP_00675,2026-07-26 09:42:15,Credit Card Fraud,500000,MULE_ACC_5466
CMP_00676,2026-08-14 14:28:15,Loan App Extortion,100000,MULE_ACC_4961
CMP_00677,2026-07-15 06:38:15,UPI Phishing,15000,MULE_ACC_1138
CMP_00678,2026-08-16 10:25:15,Credit Card Fraud,25000,MULE_ACC_5641
CMP_00679,2026-07-07 15:45:15,UPI Phishing,25000,MULE_ACC_2995
CMP_00680,2026-08-15 16:39:15,Investment Scam,25000,MULE_ACC_2816
CMP_00681,2026-08-13 11:02:15,Credit Card Fraud,50000,MULE_ACC_7995
CMP_00682,2026-08-21 21:27:15,UPI Phishing,100000,MULE_ACC_6450
CMP_00683,2026-07-31 22:34:15,Investment Scam,25000,MULE_ACC_7432
CMP_00684,2026-07-17 15:44:15,Credit Card Fraud,15000,MULE_ACC_8234
CMP_00685,2026-08-19 04:52:15,Part-time Job Scam,100000,MULE_ACC_1307
CMP_00686,2026-08-15 08:20:15,Part-time Job Scam,25000,MULE_ACC_6403
CMP_00687,2026-07-31 08:57:15,Loan App Extortion,500000,MULE_ACC_2148
CMP_00688,2026-08-09 14:02:15,Credit Card Fraud,50000,MULE_ACC_6463
CMP_00689,2026-07-27 13:57:15,Part-time Job Scam,50000,MULE_ACC_2318
CMP_00690,2026-07-06 08:45:15,Part-time Job Scam,25000,MULE_ACC_5896
CMP_00691,2026-07-09 16:31:15,Investment Scam,500000,MULE_ACC_4104
CMP_00692,2026-08-04 08:07:15,Part-time Job Scam,200000,MULE_ACC_6041
CMP_00693,2026-07-06 06:06:15,Part-time Job Scam,50000,MULE_ACC_1701
CMP_00694,2026-08-06 10:46:15,Loan App Extortion,200000,MULE_ACC_3440
CMP_00695,2026-07-13 11:44:15,Loan App Extortion,15000,MULE_ACC_8720
CMP_00696,2026-07-04 01:43:15,UPI Phishing,15000,MULE_ACC_6035
CMP_00697,2026-07-11 11:41:15,UPI Phishing,200000,MULE_ACC_4613
CMP_00698,2026-07-23 23:46:15,Investment Scam,200000,MULE_ACC_9943
CMP_00699,2026-08-10 01:24:15,Credit Card Fraud,15000,MULE_ACC_2978
CMP_00700,2026-07-27 13:13:15,Loan App Extortion,100000,MULE_ACC_4991
CMP_00701,2026-07-28 01:04:15,UPI Phishing,100000,MULE_ACC_2322
CMP_00702,2026-08-14 14:59:15,Part-time Job Scam,50000,MULE_ACC_7819
CMP_00703,2026-08-06 10:29:15,Loan App Extortion,25000,MULE_ACC_3859
CMP_00704,2026-07-09 16:55:15,Part-time Job Scam,50000,MULE_ACC_6699
CMP_00705,2026-08-05 23:42:15,Loan App Extortion,50000,MULE_ACC_9842
CMP_00706,2026-07-17 04:06:15,Investment Scam,25000,MULE_ACC_2846
CMP_00707,2026-08-31 21:06:15,Credit Card Fraud,500000,MULE_ACC_6966
CMP_00708,2026-08-24 10:05:15,Loan App Extortion,15000,MULE_ACC_1859
CMP_00709,2026-08-04 23:07:15,Loan App Extortion,25000,MULE_ACC_8287
CMP_00710,2026-08-16 06:17:15,Investment Scam,15000,MULE_ACC_6343
CMP_00711,2026-07-28 03:07:15,UPI Phishing,100000,MULE_ACC_8936
CMP_00712,2026-07-15 08:26:15,Investment Scam,25000,MULE_ACC_8499
CMP_00713,2026-07-11 21:47:15,Credit Card Fraud,200000,MULE_ACC_1977
CMP_00714,2026-07-30 01:51:15,Credit Card Fraud,50000,MULE_ACC_4602
CMP_00715,2026-08-30 01:39:15,UPI Phishing,200000,MULE_ACC_4763
CMP_00716,2026-08-10 11:56:15,UPI Phishing,100000,MULE_ACC_5573
CMP_00717,2026-07-24 09:40:15,Loan App Extortion,25000,MULE_ACC_3440
CMP_00718,2026-08-03 19:52:15,Part-time Job Scam,200000,MULE_ACC_1550
CMP_00719,2026-08-04 03:08:15,Part-time Job Scam,200000,MULE_ACC_1203
CMP_00720,2026-08-13 22:04:15,Investment Scam,100000,MULE_ACC_5994
CMP_00721,2026-08-02 10:52:15,Investment Scam,25000,MULE_ACC_7641
CMP_00722,2026-07-08 09:00:15,Loan App Extortion,500000,MULE_ACC_6454
CMP_00723,2026-08-12 13:39:15,Loan App Extortion,25000,MULE_ACC_2326
CMP_00724,2026-08-31 17:26:15,Part-time Job Scam,15000,MULE_ACC_2818
CMP_00725,2026-07-27 01:44:15,Loan App Extortion,200000,MULE_ACC_2097
CMP_00726,2026-08-06 23:44:15,Investment Scam,100000,MULE_ACC_4437
CMP_00727,2026-08-16 09:20:15,Credit Card Fraud,15000,MULE_ACC_2038
CMP_00728,2026-08-25 23:33:15,Loan App Extortion,500000,MULE_ACC_9714
CMP_00729,2026-08-16 22:15:15,UPI Phishing,100000,MULE_ACC_2430
CMP_00730,2026-07-10 01:20:15,Part-time Job Scam,15000,MULE_ACC_3424
CMP_00731,2026-07-05 05:29:15,Investment Scam,500000,MULE_ACC_9870
CMP_00732,2026-08-13 20:21:15,UPI Phishing,25000,MULE_ACC_2031
CMP_00733,2026-07-25 09:40:15,Part-time Job Scam,50000,MULE_ACC_6346
CMP_00734,2026-08-01 10:22:15,Credit Card Fraud,200000,MULE_ACC_3161
CMP_00735,2026-07-27 05:52:15,Credit Card Fraud,15000,MULE_ACC_3430
CMP_00736,2026-09-01 01:48:15,Investment Scam,200000,MULE_ACC_5673
CMP_00737,2026-07-18 23:05:15,Part-time Job Scam,50000,MULE_ACC_3072
CMP_00738,2026-08-17 21:45:15,Investment Scam,50000,MULE_ACC_6633
CMP_00739,2026-07-23 00:01:15,Part-time Job Scam,15000,MULE_ACC_7628
CMP_00740,2026-07-04 19:37:15,Credit Card Fraud,200000,MULE_ACC_6427
CMP_00741,2026-07-13 14:49:15,UPI Phishing,100000,MULE_ACC_6549
CMP_00742,2026-08-07 23:22:15,Loan App Extortion,15000,MULE_ACC_7580
CMP_00743,2026-07-07 15:44:15,Investment Scam,25000,MULE_ACC_9625
CMP_00744,2026-08-27 10:46:15,Loan App Extortion,500000,MULE_ACC_2431
CMP_00745,2026-08-11 12:06:15,Part-time Job Scam,500000,MULE_ACC_6915
CMP_00746,2026-07-28 07:03:15,Credit Card Fraud,50000,MULE_ACC_6651
CMP_00747,2026-07-17 19:59:15,Part-time Job Scam,100000,MULE_ACC_7809
CMP_00748,2026-08-30 09:11:15,Investment Scam,200000,MULE_ACC_2410
CMP_00749,2026-07-08 14:51:15,UPI Phishing,100000,MULE_ACC_2449
CMP_00750,2026-07-15 13:32:15,Investment Scam,500000,MULE_ACC_3243
CMP_00751,2026-08-03 21:55:15,Part-time Job Scam,50000,MULE_ACC_5979
CMP_00752,2026-08-22 20:12:15,Part-time Job Scam,50000,MULE_ACC_5917
CMP_00753,2026-07-15 12:01:15,UPI Phishing,500000,MULE_ACC_5009
CMP_00754,2026-08-11 19:26:15,Loan App Extortion,200000,MULE_ACC_8872
CMP_00755,2026-08-24 23:26:15,Credit Card Fraud,200000,MULE_ACC_1287
CMP_00756,2026-08-02 18:11:15,UPI Phishing,50000,MULE_ACC_3675
CMP_00757,2026-07-07 05:21:15,Loan App Extortion,200000,MULE_ACC_2258
CMP_00758,2026-08-11 01:37:15,Credit Card Fraud,50000,MULE_ACC_6180
CMP_00759,2026-08-07 14:25:15,Investment Scam,25000,MULE_ACC_1211
CMP_00760,2026-07-25 01:09:15,Loan App Extortion,25000,MULE_ACC_3532
CMP_00761,2026-08-17 12:57:15,Part-time Job Scam,200000,MULE_ACC_2867
CMP_00762,2026-08-31 20:33:15,Credit Card Fraud,50000,MULE_ACC_6104
CMP_00763,2026-07-15 18:22:15,Investment Scam,15000,MULE_ACC_2943
CMP_00764,2026-07-18 05:11:15,UPI Phishing,25000,MULE_ACC_3133
CMP_00765,2026-07-05 11:51:15,Investment Scam,100000,MULE_ACC_1696
CMP_00766,2026-08-09 21:33:15,UPI Phishing,15000,MULE_ACC_5145
CMP_00767,2026-08-23 00:01:15,Loan App Extortion,200000,MULE_ACC_4365
CMP_00768,2026-07-09 00:57:15,Loan App Extortion,500000,MULE_ACC_5544
CMP_00769,2026-08-12 03:35:15,UPI Phishing,200000,MULE_ACC_2119
CMP_00770,2026-08-18 02:21:15,UPI Phishing,25000,MULE_ACC_9800
CMP_00771,2026-08-03 07:47:15,Part-time Job Scam,200000,MULE_ACC_4033
CMP_00772,2026-07-31 02:35:15,UPI Phishing,25000,MULE_ACC_7677
CMP_00773,2026-07-12 11:51:15,Loan App Extortion,50000,MULE_ACC_5723
CMP_00774,2026-07-28 05:32:15,Part-time Job Scam,200000,MULE_ACC_6111
CMP_00775,2026-07-15 23:00:15,Investment Scam,100000,MULE_ACC_7020
CMP_00776,2026-07-10 08:31:15,UPI Phishing,200000,MULE_ACC_2392
CMP_00777,2026-08-20 01:07:15,Credit Card Fraud,50000,MULE_ACC_4261
CMP_00778,2026-07-18 09:49:15,Loan App Extortion,100000,MULE_ACC_5563
CMP_00779,2026-07-26 11:45:15,Part-time Job Scam,200000,MULE_ACC_7626
CMP_00780,2026-07-11 04:34:15,Investment Scam,100000,MULE_ACC_4781
CMP_00781,2026-08-04 17:04:15,Loan App Extortion,25000,MULE_ACC_7269
CMP_00782,2026-07-09 22:45:15,Part-time Job Scam,200000,MULE_ACC_9064
CMP_00783,2026-08-05 04:37:15,Loan App Extortion,50000,MULE_ACC_9856
CMP_00784,2026-08-28 23:27:15,Part-time Job Scam,100000,MULE_ACC_6153
CMP_00785,2026-08-08 17:58:15,Part-time Job Scam,50000,MULE_ACC_3689
CMP_00786,2026-08-20 23:39:15,Loan App Extortion,500000,MULE_ACC_9037
CMP_00787,2026-08-27 01:35:15,Credit Card Fraud,15000,MULE_ACC_7412
CMP_00788,2026-08-16 07:52:15,UPI Phishing,50000,MULE_ACC_6250
CMP_00789,2026-07-26 19:40:15,Part-time Job Scam,15000,MULE_ACC_6591
CMP_00790,2026-07-25 21:45:15,Investment Scam,25000,MULE_ACC_5056
CMP_00791,2026-07-11 06:13:15,Credit Card Fraud,15000,MULE_ACC_9821
CMP_00792,2026-08-05 09:20:15,Loan App Extortion,15000,MULE_ACC_8695
CMP_00793,2026-07-28 06:39:15,UPI Phishing,15000,MULE_ACC_9001
CMP_00794,2026-07-25 01:42:15,Part-time Job Scam,50000,MULE_ACC_6952
CMP_00795,2026-07-17 05:19:15,Loan App Extortion,15000,MULE_ACC_5871
CMP_00796,2026-08-27 14:09:15,Credit Card Fraud,200000,MULE_ACC_6518
CMP_00797,2026-07-31 02:25:15,Loan App Extortion,15000,MULE_ACC_5945
CMP_00798,2026-07-16 09:28:15,Part-time Job Scam,50000,MULE_ACC_9443
CMP_00799,2026-08-18 12:58:15,Investment Scam,25000,MULE_ACC_9178
CMP_00800,2026-08-24 15:57:15,Loan App Extortion,100000,MULE_ACC_1981
CMP_00801,2026-07-13 19:46:15,Part-time Job Scam,50000,MULE_ACC_8133
CMP_00802,2026-07-17 09:20:15,Credit Card Fraud,50000,MULE_ACC_3631
CMP_00803,2026-07-13 02:04:15,Part-time Job Scam,25000,MULE_ACC_6087
CMP_00804,2026-08-13 21:15:15,Investment Scam,25000,MULE_ACC_5468
CMP_00805,2026-08-08 01:44:15,UPI Phishing,15000,MULE_ACC_8960
CMP_00806,2026-08-11 05:58:15,Credit Card Fraud,15000,MULE_ACC_7668
CMP_00807,2026-07-11 14:50:15,Loan App Extortion,200000,MULE_ACC_2976
CMP_00808,2026-08-03 22:18:15,Credit Card Fraud,200000,MULE_ACC_3003
CMP_00809,2026-08-20 04:02:15,Investment Scam,100000,MULE_ACC_4571
CMP_00810,2026-07-30 04:58:15,Part-time Job Scam,200000,MULE_ACC_1916
CMP_00811,2026-08-07 09:33:15,Credit Card Fraud,500000,MULE_ACC_5036
CMP_00812,2026-07-05 17:00:15,UPI Phishing,200000,MULE_ACC_1570
CMP_00813,2026-08-13 18:26:15,Loan App Extortion,500000,MULE_ACC_2999
CMP_00814,2026-08-31 09:02:15,UPI Phishing,50000,MULE_ACC_5929
CMP_00815,2026-08-13 06:59:15,UPI Phishing,500000,MULE_ACC_7656
CMP_00816,2026-08-20 10:02:15,UPI Phishing,50000,MULE_ACC_7920
CMP_00817,2026-07-26 09:41:15,Credit Card Fraud,500000,MULE_ACC_9973
CMP_00818,2026-08-14 01:43:15,UPI Phishing,100000,MULE_ACC_3229
CMP_00819,2026-08-08 22:10:15,Loan App Extortion,25000,MULE_ACC_5089
CMP_00820,2026-08-01 11:58:15,Credit Card Fraud,500000,MULE_ACC_3187
CMP_00821,2026-07-15 22:29:15,Part-time Job Scam,50000,MULE_ACC_3980
CMP_00822,2026-07-04 21:02:15,UPI Phishing,200000,MULE_ACC_4747
CMP_00823,2026-07-29 15:30:15,Investment Scam,200000,MULE_ACC_5262
CMP_00824,2026-07-10 20:48:15,Part-time Job Scam,200000,MULE_ACC_8129
CMP_00825,2026-08-28 04:21:15,Part-time Job Scam,500000,MULE_ACC_9096
CMP_00826,2026-07-17 05:49:15,Part-time Job Scam,500000,MULE_ACC_4102
CMP_00827,2026-07-22 04:18:15,Investment Scam,200000,MULE_ACC_8388
CMP_00828,2026-07-08 20:33:15,Part-time Job Scam,25000,MULE_ACC_6296
CMP_00829,2026-08-11 04:07:15,UPI Phishing,15000,MULE_ACC_1962
CMP_00830,2026-08-11 17:54:15,UPI Phishing,200000,MULE_ACC_1745
CMP_00831,2026-07-29 17:26:15,Loan App Extortion,25000,MULE_ACC_1673
CMP_00832,2026-09-01 06:59:15,UPI Phishing,100000,MULE_ACC_3161
CMP_00833,2026-07-19 23:23:15,Part-time Job Scam,15000,MULE_ACC_3095
CMP_00834,2026-08-30 04:42:15,Credit Card Fraud,50000,MULE_ACC_9470
CMP_00835,2026-08-04 00:38:15,UPI Phishing,500000,MULE_ACC_8208
CMP_00836,2026-07-06 11:19:15,Part-time Job Scam,25000,MULE_ACC_8653
CMP_00837,2026-08-01 07:48:15,Part-time Job Scam,200000,MULE_ACC_8949
CMP_00838,2026-07-25 22:16:15,Investment Scam,50000,MULE_ACC_3959
CMP_00839,2026-08-10 02:40:15,Loan App Extortion,15000,MULE_ACC_9618
CMP_00840,2026-08-22 11:46:15,UPI Phishing,15000,MULE_ACC_6384
CMP_00841,2026-07-27 15:02:15,Investment Scam,15000,MULE_ACC_6300
CMP_00842,2026-08-02 16:20:15,Credit Card Fraud,200000,MULE_ACC_1095
CMP_00843,2026-08-19 20:01:15,Investment Scam,200000,MULE_ACC_3118
CMP_00844,2026-08-23 21:50:15,Loan App Extortion,15000,MULE_ACC_9964
CMP_00845,2026-07-19 08:08:15,Investment Scam,15000,MULE_ACC_4411
CMP_00846,2026-08-21 16:12:15,Part-time Job Scam,15000,MULE_ACC_5891
CMP_00847,2026-08-11 00:25:15,Credit Card Fraud,500000,MULE_ACC_2574
CMP_00848,2026-08-03 04:39:15,UPI Phishing,200000,MULE_ACC_7931
CMP_00849,2026-08-13 09:08:15,Credit Card Fraud,15000,MULE_ACC_9410
CMP_00850,2026-08-06 16:44:15,Credit Card Fraud,200000,MULE_ACC_2375
CMP_00851,2026-07-13 00:46:15,Loan App Extortion,50000,MULE_ACC_5073
CMP_00852,2026-07-07 21:35:15,Part-time Job Scam,15000,MULE_ACC_9366
CMP_00853,2026-08-09 04:25:15,Loan App Extortion,50000,MULE_ACC_2339
CMP_00854,2026-07-15 01:56:15,UPI Phishing,100000,MULE_ACC_1741
CMP_00855,2026-08-10 19:32:15,Loan App Extortion,500000,MULE_ACC_8371
CMP_00856,2026-07-14 22:50:15,UPI Phishing,200000,MULE_ACC_5248
CMP_00857,2026-07-10 20:13:15,Part-time Job Scam,500000,MULE_ACC_8817
CMP_00858,2026-08-12 15:26:15,Credit Card Fraud,500000,MULE_ACC_7471
CMP_00859,2026-07-10 20:47:15,Investment Scam,25000,MULE_ACC_1439
CMP_00860,2026-08-26 16:57:15,UPI Phishing,200000,MULE_ACC_4127
CMP_00861,2026-07-30 20:10:15,Part-time Job Scam,25000,MULE_ACC_3497
CMP_00862,2026-07-19 02:21:15,UPI Phishing,200000,MULE_ACC_7418
CMP_00863,2026-07-31 09:57:15,UPI Phishing,100000,MULE_ACC_5764
CMP_00864,2026-08-19 16:02:15,Investment Scam,500000,MULE_ACC_8993
CMP_00865,2026-07-24 13:07:15,Part-time Job Scam,50000,MULE_ACC_7834
CMP_00866,2026-08-01 18:30:15,Credit Card Fraud,15000,MULE_ACC_3643
CMP_00867,2026-08-05 03:40:15,Loan App Extortion,500000,MULE_ACC_6556
CMP_00868,2026-08-18 08:29:15,Part-time Job Scam,500000,MULE_ACC_6902
CMP_00869,2026-08-19 22:45:15,Investment Scam,100000,MULE_ACC_3115
CMP_00870,2026-08-23 09:34:15,Investment Scam,50000,MULE_ACC_4845
CMP_00871,2026-08-29 04:25:15,Investment Scam,500000,MULE_ACC_3598
CMP_00872,2026-07-30 23:42:15,Loan App Extortion,25000,MULE_ACC_2977
CMP_00873,2026-08-21 21:52:15,Investment Scam,200000,MULE_ACC_5382
CMP_00874,2026-07-07 10:54:15,UPI Phishing,100000,MULE_ACC_2817
CMP_00875,2026-07-06 12:09:15,Investment Scam,25000,MULE_ACC_2934
CMP_00876,2026-08-01 12:34:15,Investment Scam,500000,MULE_ACC_2626
CMP_00877,2026-08-27 02:31:15,Investment Scam,100000,MULE_ACC_1107
CMP_00878,2026-07-09 04:26:15,Credit Card Fraud,500000,MULE_ACC_7799
CMP_00879,2026-08-23 03:11:15,Part-time Job Scam,100000,MULE_ACC_7773
CMP_00880,2026-07-26 20:31:15,Loan App Extortion,25000,MULE_ACC_1162
CMP_00881,2026-08-22 01:30:15,UPI Phishing,15000,MULE_ACC_7443
CMP_00882,2026-08-18 17:59:15,Part-time Job Scam,200000,MULE_ACC_5845
CMP_00883,2026-08-19 19:23:15,Credit Card Fraud,50000,MULE_ACC_1129
CMP_00884,2026-07-29 10:44:15,Loan App Extortion,25000,MULE_ACC_9919
CMP_00885,2026-07-29 02:59:15,UPI Phishing,50000,MULE_ACC_2380
CMP_00886,2026-08-07 05:16:15,Loan App Extortion,15000,MULE_ACC_9383
CMP_00887,2026-07-04 20:59:15,Investment Scam,200000,MULE_ACC_5238
CMP_00888,2026-08-18 21:56:15,Loan App Extortion,50000,MULE_ACC_5255
CMP_00889,2026-08-01 05:39:15,Part-time Job Scam,500000,MULE_ACC_1085
CMP_00890,2026-08-18 16:45:15,Credit Card Fraud,200000,MULE_ACC_4831
CMP_00891,2026-07-12 18:27:15,UPI Phishing,200000,MULE_ACC_5057
CMP_00892,2026-08-01 23:12:15,Part-time Job Scam,500000,MULE_ACC_7974
CMP_00893,2026-08-03 02:31:15,Loan App Extortion,15000,MULE_ACC_7050
CMP_00894,2026-08-28 04:40:15,Part-time Job Scam,100000,MULE_ACC_7937
CMP_00895,2026-07-13 12:11:15,Investment Scam,100000,MULE_ACC_8499
CMP_00896,2026-07-17 10:33:15,Loan App Extortion,15000,MULE_ACC_3569
CMP_00897,2026-08-27 09:10:15,Loan App Extortion,15000,MULE_ACC_7055
CMP_00898,2026-07-27 05:26:15,Part-time Job Scam,50000,MULE_ACC_5816
CMP_00899,2026-07-29 22:02:15,Investment Scam,50000,MULE_ACC_5644
CMP_00900,2026-07-11 13:25:15,Part-time Job Scam,15000,MULE_ACC_1732
CMP_00901,2026-08-30 06:53:15,Loan App Extortion,100000,MULE_ACC_8786
CMP_00902,2026-08-02 10:45:15,Credit Card Fraud,100000,MULE_ACC_3440
CMP_00903,2026-07-18 08:24:15,Part-time Job Scam,200000,MULE_ACC_1750
CMP_00904,2026-07-05 14:43:15,Loan App Extortion,500000,MULE_ACC_6060
CMP_00905,2026-08-12 13:39:15,Investment Scam,15000,MULE_ACC_9548
CMP_00906,2026-08-15 13:14:15,Investment Scam,15000,MULE_ACC_5504
CMP_00907,2026-07-09 13:41:15,Loan App Extortion,50000,MULE_ACC_7583
CMP_00908,2026-07-31 01:29:15,Credit Card Fraud,15000,MULE_ACC_9649
CMP_00909,2026-08-07 01:21:15,Credit Card Fraud,25000,MULE_ACC_3992
CMP_00910,2026-07-13 21:42:15,UPI Phishing,50000,MULE_ACC_3973
CMP_00911,2026-07-13 10:00:15,Part-time Job Scam,50000,MULE_ACC_5225
CMP_00912,2026-08-10 03:34:15,Part-time Job Scam,200000,MULE_ACC_9264
CMP_00913,2026-08-08 09:07:15,Part-time Job Scam,100000,MULE_ACC_1473
CMP_00914,2026-08-08 14:46:15,Loan App Extortion,15000,MULE_ACC_5035
CMP_00915,2026-07-09 16:35:15,Credit Card Fraud,25000,MULE_ACC_3332
CMP_00916,2026-07-31 13:31:15,Part-time Job Scam,15000,MULE_ACC_1016
CMP_00917,2026-07-07 11:20:15,Part-time Job Scam,200000,MULE_ACC_5110
CMP_00918,2026-08-26 12:21:15,Loan App Extortion,15000,MULE_ACC_3644
CMP_00919,2026-08-16 23:56:15,Part-time Job Scam,25000,MULE_ACC_5578
CMP_00920,2026-07-25 16:19:15,Credit Card Fraud,500000,MULE_ACC_8417
CMP_00921,2026-07-17 10:41:15,Investment Scam,50000,MULE_ACC_1260
CMP_00922,2026-08-16 01:29:15,Part-time Job Scam,200000,MULE_ACC_9011
CMP_00923,2026-07-08 13:04:15,UPI Phishing,500000,MULE_ACC_8293
CMP_00924,2026-07-26 08:14:15,UPI Phishing,500000,MULE_ACC_1138
CMP_00925,2026-07-04 03:50:15,Credit Card Fraud,15000,MULE_ACC_5606
CMP_00926,2026-07-23 18:17:15,Credit Card Fraud,25000,MULE_ACC_9090
CMP_00927,2026-07-04 02:55:15,UPI Phishing,500000,MULE_ACC_7489
CMP_00928,2026-08-08 02:45:15,UPI Phishing,500000,MULE_ACC_3875
CMP_00929,2026-07-20 14:57:15,Credit Card Fraud,25000,MULE_ACC_9570
CMP_00930,2026-08-16 13:42:15,UPI Phishing,50000,MULE_ACC_8437
CMP_00931,2026-07-31 09:20:15,Part-time Job Scam,15000,MULE_ACC_9491
CMP_00932,2026-07-17 21:20:15,Part-time Job Scam,100000,MULE_ACC_9723
CMP_00933,2026-07-09 14:54:15,Part-time Job Scam,15000,MULE_ACC_4696
CMP_00934,2026-07-25 05:07:15,UPI Phishing,500000,MULE_ACC_2584
CMP_00935,2026-08-24 17:02:15,Investment Scam,50000,MULE_ACC_5102
CMP_00936,2026-08-25 06:36:15,Loan App Extortion,25000,MULE_ACC_2194
CMP_00937,2026-08-01 14:10:15,UPI Phishing,15000,MULE_ACC_1994
CMP_00938,2026-07-07 10:06:15,UPI Phishing,50000,MULE_ACC_8075
CMP_00939,2026-07-22 08:28:15,Investment Scam,15000,MULE_ACC_7735
CMP_00940,2026-07-28 10:53:15,Credit Card Fraud,100000,MULE_ACC_2659
CMP_00941,2026-07-15 23:09:15,Loan App Extortion,15000,MULE_ACC_2106
CMP_00942,2026-08-05 04:25:15,Loan App Extortion,100000,MULE_ACC_8887
CMP_00943,2026-07-07 00:22:15,Loan App Extortion,200000,MULE_ACC_8140
CMP_00944,2026-07-13 11:22:15,Credit Card Fraud,200000,MULE_ACC_6618
CMP_00945,2026-08-15 17:12:15,Loan App Extortion,15000,MULE_ACC_4889
CMP_00946,2026-07-16 02:43:15,Credit Card Fraud,25000,MULE_ACC_2120
CMP_00947,2026-08-17 06:57:15,Loan App Extortion,200000,MULE_ACC_6499
CMP_00948,2026-08-01 21:34:15,Investment Scam,25000,MULE_ACC_1060
CMP_00949,2026-08-03 19:52:15,Investment Scam,50000,MULE_ACC_7158
CMP_00950,2026-07-03 22:25:15,Investment Scam,15000,MULE_ACC_2887
CMP_00951,2026-08-31 07:05:15,Investment Scam,15000,MULE_ACC_4262
CMP_00952,2026-07-15 06:57:15,Investment Scam,200000,MULE_ACC_5029
CMP_00953,2026-07-05 17:11:15,Credit Card Fraud,100000,MULE_ACC_2818
CMP_00954,2026-08-24 07:45:15,Loan App Extortion,25000,MULE_ACC_9633
CMP_00955,2026-07-13 00:53:15,Loan App Extortion,25000,MULE_ACC_4140
CMP_00956,2026-07-31 16:18:15,Loan App Extortion,15000,MULE_ACC_4098
CMP_00957,2026-07-07 16:53:15,Loan App Extortion,50000,MULE_ACC_3071
CMP_00958,2026-07-09 11:53:15,Investment Scam,500000,MULE_ACC_2062
CMP_00959,2026-07-27 11:36:15,Credit Card Fraud,100000,MULE_ACC_3932
CMP_00960,2026-08-04 11:20:15,Loan App Extortion,200000,MULE_ACC_7569
CMP_00961,2026-08-28 03:28:15,Part-time Job Scam,25000,MULE_ACC_6013
CMP_00962,2026-08-07 22:11:15,Part-time Job Scam,15000,MULE_ACC_5834
CMP_00963,2026-08-02 12:42:15,Part-time Job Scam,50000,MULE_ACC_7981
CMP_00964,2026-07-24 04:27:15,Part-time Job Scam,15000,MULE_ACC_3942
CMP_00965,2026-08-29 22:21:15,Loan App Extortion,200000,MULE_ACC_9401
CMP_00966,2026-07-10 22:26:15,Investment Scam,15000,MULE_ACC_9946
CMP_00967,2026-07-23 19:55:15,Investment Scam,500000,MULE_ACC_5496
CMP_00968,2026-07-04 05:21:15,Part-time Job Scam,50000,MULE_ACC_7616
CMP_00969,2026-08-14 12:51:15,Investment Scam,25000,MULE_ACC_7512
CMP_00970,2026-07-18 12:40:15,Part-time Job Scam,200000,MULE_ACC_8679
CMP_00971,2026-07-31 18:29:15,Part-time Job Scam,25000,MULE_ACC_8187
CMP_00972,2026-08-28 00:22:15,Part-time Job Scam,500000,MULE_ACC_1158
CMP_00973,2026-08-16 08:51:15,Credit Card Fraud,500000,MULE_ACC_9808
CMP_00974,2026-09-01 00:12:15,Part-time Job Scam,50000,MULE_ACC_7404
CMP_00975,2026-07-28 02:33:15,Loan App Extortion,15000,MULE_ACC_6387
CMP_00976,2026-07-13 23:46:15,UPI Phishing,200000,MULE_ACC_3910
CMP_00977,2026-07-08 08:21:15,Credit Card Fraud,25000,MULE_ACC_4818
CMP_00978,2026-08-05 20:13:15,Part-time Job Scam,50000,MULE_ACC_7731
CMP_00979,2026-07-30 11:50:15,Investment Scam,15000,MULE_ACC_7373
CMP_00980,2026-08-25 18:45:15,Loan App Extortion,100000,MULE_ACC_3601
CMP_00981,2026-08-18 17:32:15,UPI Phishing,50000,MULE_ACC_4304
CMP_00982,2026-08-24 03:36:15,Part-time Job Scam,50000,MULE_ACC_9043
CMP_00983,2026-08-14 10:25:15,Part-time Job Scam,500000,MULE_ACC_5873
CMP_00984,2026-07-19 02:00:15,Part-time Job Scam,200000,MULE_ACC_8079
CMP_00985,2026-08-08 23:28:15,Investment Scam,500000,MULE_ACC_1715
CMP_00986,2026-07-22 18:01:15,Part-time Job Scam,15000,MULE_ACC_4559
CMP_00987,2026-07-26 22:51:15,Credit Card Fraud,15000,MULE_ACC_9264
CMP_00988,2026-08-04 21:32:15,Part-time Job Scam,15000,MULE_ACC_2199
CMP_00989,2026-07-28 21:03:15,Investment Scam,50000,MULE_ACC_2878
CMP_00990,2026-08-01 22:08:15,Part-time Job Scam,200000,MULE_ACC_4969
CMP_00991,2026-07-13 20:41:15,Credit Card Fraud,15000,MULE_ACC_3903
CMP_00992,2026-07-08 17:51:15,Investment Scam,15000,MULE_ACC_5476
CMP_00993,2026-07-06 17:37:15,UPI Phishing,25000,MULE_ACC_8242
CMP_00994,2026-08-17 05:31:15,UPI Phishing,15000,MULE_ACC_1076
CMP_00995,2026-08-31 03:15:15,Part-time Job Scam,15000,MULE_ACC_1262
CMP_00996,2026-08-16 17:07:15,Investment Scam,25000,MULE_ACC_2582
CMP_00997,2026-08-25 06:23:15,Loan App Extortion,200000,MULE_ACC_4105
CMP_00998,2026-07-11 03:16:15,Credit Card Fraud,15000,MULE_ACC_6842
CMP_00999,2026-07-04 08:16:15,UPI Phishing,100000,MULE_ACC_4606
CMP_01000,2026-07-08 02:29:15,UPI Phishing,50000,MULE_ACC_9185
