tx_id,complaint_id,mule_account_id,tx_timestamp,withdrawal_atm_id,amount_withdrawn,time_to_cashout_mins
TX_000001,CMP_00001,MULE_ACC_5499,2026-08-06 12:22:15,ATM_0061,25000,39
TX_000002,CMP_00002,MULE_ACC_2320,2026-07-25 07:58:15,ATM_0032,50000,58
TX_000003,CMP_00003,MULE_ACC_6421,2026-07-17 00:48:15,ATM_0040,40000,139
TX_000004,CMP_00004,MULE_ACC_7232,2026-07-28 15:08:15,ATM_0077,15000,21
TX_000005,CMP_00005,MULE_ACC_9947,2026-08-27 10:53:15,ATM_0046,40000,76
TX_000006,CMP_00006,MULE_ACC_7624,2026-08-03 22:46:15,ATM_0137,20000,139
TX_000007,CMP_00007,MULE_ACC_1444,2026-08-31 10:49:15,ATM_0095,20000,129
TX_000008,CMP_00008,MULE_ACC_4467,2026-07-07 06:10:15,ATM_0085,40000,103
TX_000009,CMP_00009,MULE_ACC_8705,2026-08-21 11:57:15,ATM_0080,15000,158
TX_000010,CMP_00010,MULE_ACC_1659,2026-08-14 00:15:15,ATM_0006,50000,83
TX_000011,CMP_00011,MULE_ACC_2874,2026-07-13 04:26:15,ATM_0046,40000,75
TX_000012,CMP_00012,MULE_ACC_2876,2026-07-14 17:20:15,ATM_0006,40000,99
TX_000013,CMP_00013,MULE_ACC_7498,2026-08-09 18:40:15,ATM_0137,20000,39
TX_000014,CMP_00014,MULE_ACC_2983,2026-07-10 19:22:15,ATM_0092,50000,30
TX_000015,CMP_00015,MULE_ACC_6590,2026-07-27 00:42:15,ATM_0028,40000,127
TX_000016,CMP_00016,MULE_ACC_3506,2026-07-27 18:05:15,ATM_0070,50000,65
TX_000017,CMP_00017,MULE_ACC_8616,2026-08-24 16:43:15,ATM_0043,20000,171
TX_000018,CMP_00018,MULE_ACC_7209,2026-07-21 10:45:15,ATM_0071,20000,27
TX_000019,CMP_00019,MULE_ACC_6576,2026-08-04 05:17:15,ATM_0071,50000,172
TX_000020,CMP_00020,MULE_ACC_4954,2026-07-04 14:40:15,ATM_0043,15000,145
TX_000021,CMP_00021,MULE_ACC_8342,2026-08-03 17:31:15,ATM_0085,50000,43
TX_000022,CMP_00022,MULE_ACC_7046,2026-07-19 08:26:15,ATM_0092,50000,161
TX_000023,CMP_00023,MULE_ACC_8434,2026-08-08 08:03:15,ATM_0021,50000,98
TX_000024,CMP_00024,MULE_ACC_9779,2026-07-16 07:19:15,ATM_0100,40000,69
TX_000025,CMP_00025,MULE_ACC_5636,2026-08-19 16:00:15,ATM_0080,20000,69
TX_000026,CMP_00026,MULE_ACC_3073,2026-07-22 21:19:15,ATM_0142,40000,31
TX_000027,CMP_00027,MULE_ACC_2680,2026-08-17 03:29:15,ATM_0100,40000,166
TX_000028,CMP_00028,MULE_ACC_8827,2026-07-25 01:42:15,ATM_0020,50000,36
TX_000029,CMP_00029,MULE_ACC_3444,2026-08-13 18:43:15,ATM_0043,20000,97
TX_000030,CMP_00030,MULE_ACC_4697,2026-08-08 11:38:15,ATM_0095,40000,117
TX_000031,CMP_00031,MULE_ACC_1986,2026-08-28 15:15:15,ATM_0054,50000,45
TX_000032,CMP_00032,MULE_ACC_3573,2026-07-17 05:49:15,ATM_0037,15000,64
TX_000033,CMP_00033,MULE_ACC_8699,2026-07-30 11:15:15,ATM_0066,50000,28
TX_000034,CMP_00034,MULE_ACC_4824,2026-08-28 13:07:15,ATM_0040,40000,180
TX_000035,CMP_00035,MULE_ACC_3441,2026-07-11 14:13:15,ATM_0037,40000,56
TX_000036,CMP_00036,MULE_ACC_5728,2026-08-11 20:46:15,ATM_0066,50000,51
TX_000037,CMP_00037,MULE_ACC_9090,2026-07-29 05:15:15,ATM_0092,50000,40
TX_000038,CMP_00038,MULE_ACC_2496,2026-07-24 18:06:15,ATM_0006,15000,167
TX_000039,CMP_00039,MULE_ACC_3870,2026-08-25 07:11:15,ATM_0072,15000,152
TX_000040,CMP_00040,MULE_ACC_2494,2026-08-10 11:32:15,ATM_0071,50000,109
TX_000041,CMP_00041,MULE_ACC_9117,2026-07-10 03:26:15,ATM_0141,20000,122
TX_000042,CMP_00042,MULE_ACC_6296,2026-08-02 00:26:15,ATM_0001,50000,123
TX_000043,CMP_00043,MULE_ACC_1888,2026-08-28 16:04:15,ATM_0100,50000,152
TX_000044,CMP_00044,MULE_ACC_9998,2026-07-31 22:49:15,ATM_0100,20000,93
TX_000045,CMP_00045,MULE_ACC_3594,2026-07-05 19:22:15,ATM_0092,20000,161
TX_000046,CMP_00046,MULE_ACC_3522,2026-07-18 01:06:15,ATM_0046,15000,94
TX_000047,CMP_00047,MULE_ACC_8483,2026-08-26 12:30:15,ATM_0127,25000,57
TX_000048,CMP_00048,MULE_ACC_5526,2026-08-20 02:45:15,ATM_0130,15000,107
TX_000049,CMP_00049,MULE_ACC_5891,2026-08-24 23:09:15,ATM_0126,20000,168
TX_000050,CMP_00050,MULE_ACC_6446,2026-08-01 16:12:15,ATM_0071,20000,159
TX_000051,CMP_00051,MULE_ACC_4826,2026-08-17 04:10:15,ATM_0100,50000,31
TX_000052,CMP_00052,MULE_ACC_3492,2026-08-31 08:56:15,ATM_0117,40000,29
TX_000053,CMP_00053,MULE_ACC_2633,2026-08-28 02:14:15,ATM_0032,40000,136
TX_000054,CMP_00054,MULE_ACC_8692,2026-08-28 17:58:15,ATM_0102,15000,106
TX_000055,CMP_00055,MULE_ACC_9742,2026-07-09 08:38:15,ATM_0125,50000,101
TX_000056,CMP_00056,MULE_ACC_5708,2026-07-06 15:50:15,ATM_0021,25000,43
TX_000057,CMP_00057,MULE_ACC_5906,2026-08-18 00:02:15,ATM_0008,25000,31
TX_000058,CMP_00058,MULE_ACC_5000,2026-07-26 09:35:15,ATM_0037,20000,125
TX_000059,CMP_00059,MULE_ACC_4945,2026-07-15 01:31:15,ATM_0095,50000,169
TX_000060,CMP_00060,MULE_ACC_1153,2026-07-20 11:52:15,ATM_0041,20000,93
TX_000061,CMP_00061,MULE_ACC_7951,2026-08-01 09:56:15,ATM_0051,40000,136
TX_000062,CMP_00062,MULE_ACC_7248,2026-08-27 13:00:15,ATM_0066,20000,111
TX_000063,CMP_00063,MULE_ACC_1132,2026-08-26 18:00:15,ATM_0128,40000,32
TX_000064,CMP_00064,MULE_ACC_4588,2026-08-22 06:39:15,ATM_0142,50000,178
TX_000065,CMP_00065,MULE_ACC_1645,2026-08-26 02:55:15,ATM_0080,15000,132
TX_000066,CMP_00066,MULE_ACC_6352,2026-07-12 00:05:15,ATM_0110,40000,64
TX_000067,CMP_00067,MULE_ACC_3695,2026-08-06 15:24:15,ATM_0076,50000,143
TX_000068,CMP_00068,MULE_ACC_8673,2026-08-28 07:50:15,ATM_0058,15000,56
TX_000069,CMP_00069,MULE_ACC_6992,2026-08-19 19:29:15,ATM_0110,20000,121
TX_000070,CMP_00070,MULE_ACC_5295,2026-08-02 09:43:15,ATM_0096,20000,117
TX_000071,CMP_00071,MULE_ACC_6374,2026-08-16 04:49:15,ATM_0119,15000,76
TX_000072,CMP_00072,MULE_ACC_3290,2026-07-23 16:58:15,ATM_0100,15000,29
TX_000073,CMP_00073,MULE_ACC_3222,2026-07-10 06:15:15,ATM_0110,40000,136
TX_000074,CMP_00074,MULE_ACC_7797,2026-08-10 22:14:15,ATM_0072,20000,145
TX_000075,CMP_00075,MULE_ACC_8285,2026-08-17 09:08:15,ATM_0142,40000,112
TX_000076,CMP_00076,MULE_ACC_7523,2026-08-07 17:33:15,ATM_0117,15000,68
TX_000077,CMP_00077,MULE_ACC_1349,2026-08-15 04:29:15,ATM_0032,50000,105
TX_000078,CMP_00078,MULE_ACC_4394,2026-07-17 00:11:15,ATM_0060,40000,75
TX_000079,CMP_00079,MULE_ACC_1046,2026-08-22 01:50:15,ATM_0139,40000,57
TX_000080,CMP_00080,MULE_ACC_1422,2026-08-24 01:33:15,ATM_0043,50000,23
TX_000081,CMP_00081,MULE_ACC_1858,2026-07-23 22:21:15,ATM_0020,40000,127
TX_000082,CMP_00082,MULE_ACC_2786,2026-08-01 10:03:15,ATM_0127,20000,148
TX_000083,CMP_00083,MULE_ACC_8504,2026-08-19 18:11:15,ATM_0103,40000,35
TX_000084,CMP_00084,MULE_ACC_8267,2026-08-16 00:14:15,ATM_0032,20000,40
TX_000085,CMP_00085,MULE_ACC_9984,2026-07-12 06:39:15,ATM_0136,40000,117
TX_000086,CMP_00086,MULE_ACC_2624,2026-08-02 15:22:15,ATM_0056,40000,161
TX_000087,CMP_00087,MULE_ACC_8430,2026-08-01 05:35:15,ATM_0081,40000,126
TX_000088,CMP_00088,MULE_ACC_3500,2026-07-24 17:56:15,ATM_0020,20000,37
TX_000089,CMP_00089,MULE_ACC_7105,2026-07-31 02:32:15,ATM_0110,50000,162
TX_000090,CMP_00090,MULE_ACC_6793,2026-07-25 17:43:15,ATM_0080,40000,33
TX_000091,CMP_00091,MULE_ACC_3535,2026-07-10 15:52:15,ATM_0090,25000,77
TX_000092,CMP_00092,MULE_ACC_4705,2026-07-27 02:34:15,ATM_0143,20000,163
TX_000093,CMP_00093,MULE_ACC_5381,2026-08-11 19:02:15,ATM_0066,40000,66
TX_000094,CMP_00094,MULE_ACC_7566,2026-07-25 21:10:15,ATM_0008,20000,56
TX_000095,CMP_00095,MULE_ACC_7878,2026-08-20 14:03:15,ATM_0066,50000,107
TX_000096,CMP_00096,MULE_ACC_1861,2026-07-24 15:41:15,ATM_0013,15000,60
TX_000097,CMP_00097,MULE_ACC_7947,2026-07-09 07:26:15,ATM_0046,20000,175
TX_000098,CMP_00098,MULE_ACC_8043,2026-08-21 13:42:15,ATM_0125,50000,92
TX_000099,CMP_00099,MULE_ACC_7475,2026-08-15 05:39:15,ATM_0066,20000,34
TX_000100,CMP_00100,MULE_ACC_5742,2026-08-22 01:41:15,ATM_0092,20000,50
TX_000101,CMP_00101,MULE_ACC_4770,2026-07-12 11:20:15,ATM_0091,20000,163
TX_000102,CMP_00102,MULE_ACC_1307,2026-07-29 19:44:15,ATM_0148,40000,39
TX_000103,CMP_00103,MULE_ACC_7843,2026-08-09 09:37:15,ATM_0071,20000,49
TX_000104,CMP_00104,MULE_ACC_6928,2026-08-24 17:43:15,ATM_0063,40000,131
TX_000105,CMP_00105,MULE_ACC_7484,2026-08-10 10:22:15,ATM_0037,15000,106
TX_000106,CMP_00106,MULE_ACC_9355,2026-08-05 17:59:15,ATM_0137,20000,109
TX_000107,CMP_00107,MULE_ACC_4232,2026-07-19 02:06:15,ATM_0137,20000,174
TX_000108,CMP_00108,MULE_ACC_8354,2026-07-15 19:33:15,ATM_0137,40000,179
TX_000109,CMP_00109,MULE_ACC_8245,2026-07-13 11:37:15,ATM_0080,50000,90
TX_000110,CMP_00110,MULE_ACC_1616,2026-07-08 07:26:15,ATM_0020,50000,114
TX_000111,CMP_00111,MULE_ACC_9307,2026-08-28 01:00:15,ATM_0008,40000,138
TX_000112,CMP_00112,MULE_ACC_6267,2026-08-31 17:05:15,ATM_0008,25000,141
TX_000113,CMP_00113,MULE_ACC_9266,2026-07-10 07:18:15,ATM_0095,15000,30
TX_000114,CMP_00114,MULE_ACC_6962,2026-08-06 14:14:15,ATM_0071,25000,92
TX_000115,CMP_00115,MULE_ACC_6482,2026-08-10 23:37:15,ATM_0142,40000,104
TX_000116,CMP_00116,MULE_ACC_3463,2026-07-22 05:29:15,ATM_0032,40000,40
TX_000117,CMP_00117,MULE_ACC_7421,2026-07-23 19:39:15,ATM_0022,40000,172
TX_000118,CMP_00118,MULE_ACC_3093,2026-08-08 09:27:15,ATM_0109,50000,43
TX_000119,CMP_00119,MULE_ACC_3953,2026-07-26 22:13:15,ATM_0125,20000,107
TX_000120,CMP_00120,MULE_ACC_5846,2026-07-18 02:41:15,ATM_0135,15000,149
TX_000121,CMP_00121,MULE_ACC_3147,2026-08-15 08:55:15,ATM_0037,50000,116
TX_000122,CMP_00122,MULE_ACC_8170,2026-08-22 17:59:15,ATM_0043,25000,125
TX_000123,CMP_00123,MULE_ACC_8355,2026-08-12 08:27:15,ATM_0100,20000,156
TX_000124,CMP_00124,MULE_ACC_8564,2026-07-27 19:36:15,ATM_0092,20000,117
TX_000125,CMP_00125,MULE_ACC_3267,2026-08-25 03:27:15,ATM_0096,50000,33
TX_000126,CMP_00126,MULE_ACC_3042,2026-09-01 00:29:15,ATM_0070,40000,41
TX_000127,CMP_00127,MULE_ACC_2502,2026-08-30 14:27:15,ATM_0007,40000,135
TX_000128,CMP_00128,MULE_ACC_4862,2026-07-07 09:15:15,ATM_0006,40000,40
TX_000129,CMP_00129,MULE_ACC_6493,2026-09-01 00:51:15,ATM_0100,50000,55
TX_000130,CMP_00130,MULE_ACC_8685,2026-08-26 03:48:15,ATM_0020,20000,177
TX_000131,CMP_00131,MULE_ACC_9991,2026-07-20 05:31:15,ATM_0066,20000,155
TX_000132,CMP_00132,MULE_ACC_7878,2026-07-23 01:23:15,ATM_0100,25000,137
TX_000133,CMP_00133,MULE_ACC_4963,2026-08-06 22:17:15,ATM_0127,40000,94
TX_000134,CMP_00134,MULE_ACC_2402,2026-07-19 16:21:15,ATM_0107,25000,112
TX_000135,CMP_00135,MULE_ACC_7397,2026-08-05 13:09:15,ATM_0096,15000,31
TX_000136,CMP_00136,MULE_ACC_6649,2026-08-19 23:25:15,ATM_0117,15000,180
TX_000137,CMP_00137,MULE_ACC_6772,2026-08-21 07:57:15,ATM_0045,15000,106
TX_000138,CMP_00138,MULE_ACC_3986,2026-08-02 19:09:15,ATM_0118,20000,36
TX_000139,CMP_00139,MULE_ACC_1686,2026-07-22 03:44:15,ATM_0110,25000,99
TX_000140,CMP_00140,MULE_ACC_4131,2026-07-19 23:42:15,ATM_0013,50000,111
TX_000141,CMP_00141,MULE_ACC_8159,2026-07-25 06:22:15,ATM_0099,40000,132
TX_000142,CMP_00142,MULE_ACC_7018,2026-07-15 13:15:15,ATM_0109,20000,88
TX_000143,CMP_00143,MULE_ACC_9937,2026-07-31 17:37:15,ATM_0071,25000,102
TX_000144,CMP_00144,MULE_ACC_7981,2026-07-22 07:44:15,ATM_0008,50000,133
TX_000145,CMP_00145,MULE_ACC_5498,2026-08-28 08:21:15,ATM_0104,40000,39
TX_000146,CMP_00146,MULE_ACC_1510,2026-08-05 22:41:15,ATM_0113,20000,175
TX_000147,CMP_00147,MULE_ACC_7001,2026-07-12 00:16:15,ATM_0009,50000,118
TX_000148,CMP_00148,MULE_ACC_7095,2026-07-13 18:10:15,ATM_0107,40000,39
TX_000149,CMP_00149,MULE_ACC_5089,2026-07-29 07:10:15,ATM_0128,50000,26
TX_000150,CMP_00150,MULE_ACC_5264,2026-07-28 14:24:15,ATM_0074,50000,74
TX_000151,CMP_00151,MULE_ACC_3223,2026-08-31 13:30:15,ATM_0095,15000,135
TX_000152,CMP_00152,MULE_ACC_6692,2026-08-24 20:37:15,ATM_0066,20000,160
TX_000153,CMP_00153,MULE_ACC_3852,2026-08-18 21:32:15,ATM_0040,20000,150
TX_000154,CMP_00154,MULE_ACC_7044,2026-07-19 13:45:15,ATM_0020,20000,161
TX_000155,CMP_00155,MULE_ACC_8842,2026-07-23 10:53:15,ATM_0148,20000,125
TX_000156,CMP_00156,MULE_ACC_8372,2026-07-12 09:16:15,ATM_0110,15000,152
TX_000157,CMP_00157,MULE_ACC_8088,2026-08-10 02:26:15,ATM_0133,20000,34
TX_000158,CMP_00158,MULE_ACC_4694,2026-07-23 03:45:15,ATM_0021,40000,152
TX_000159,CMP_00159,MULE_ACC_3050,2026-07-16 19:35:15,ATM_0107,50000,177
TX_000160,CMP_00160,MULE_ACC_3804,2026-07-14 17:34:15,ATM_0117,20000,174
TX_000161,CMP_00161,MULE_ACC_5336,2026-08-24 22:54:15,ATM_0137,15000,166
TX_000162,CMP_00162,MULE_ACC_5949,2026-08-04 17:59:15,ATM_0104,40000,82
TX_000163,CMP_00163,MULE_ACC_3589,2026-08-02 00:53:15,ATM_0040,15000,126
TX_000164,CMP_00164,MULE_ACC_6231,2026-08-11 02:25:15,ATM_0080,50000,122
TX_000165,CMP_00165,MULE_ACC_8642,2026-08-08 00:51:15,ATM_0032,20000,88
TX_000166,CMP_00166,MULE_ACC_7850,2026-07-07 06:27:15,ATM_0148,50000,60
TX_000167,CMP_00167,MULE_ACC_9163,2026-07-24 05:10:15,ATM_0066,25000,139
TX_000168,CMP_00168,MULE_ACC_8491,2026-07-04 23:43:15,ATM_0008,20000,75
TX_000169,CMP_00169,MULE_ACC_8710,2026-07-22 14:18:15,ATM_0021,40000,157
TX_000170,CMP_00170,MULE_ACC_7606,2026-07-12 05:20:15,ATM_0117,50000,31
TX_000171,CMP_00171,MULE_ACC_2204,2026-07-16 10:07:15,ATM_0110,40000,149
TX_000172,CMP_00172,MULE_ACC_2946,2026-08-25 16:30:15,ATM_0071,50000,44
TX_000173,CMP_00173,MULE_ACC_9341,2026-07-27 02:43:15,ATM_0008,20000,148
TX_000174,CMP_00174,MULE_ACC_9508,2026-08-18 07:52:15,ATM_0132,20000,58
TX_000175,CMP_00175,MULE_ACC_7438,2026-07-24 16:59:15,ATM_0107,25000,96
TX_000176,CMP_00176,MULE_ACC_5911,2026-08-07 12:12:15,ATM_0142,20000,24
TX_000177,CMP_00177,MULE_ACC_1436,2026-07-30 16:43:15,ATM_0137,50000,141
TX_000178,CMP_00178,MULE_ACC_8871,2026-08-09 06:23:15,ATM_0098,15000,154
TX_000179,CMP_00179,MULE_ACC_2800,2026-08-25 17:42:15,ATM_0092,15000,24
TX_000180,CMP_00180,MULE_ACC_9221,2026-07-30 20:36:15,ATM_0016,50000,140
TX_000181,CMP_00181,MULE_ACC_6325,2026-07-12 14:50:15,ATM_0037,40000,154
TX_000182,CMP_00182,MULE_ACC_6804,2026-08-31 16:20:15,ATM_0043,40000,176
TX_000183,CMP_00183,MULE_ACC_5735,2026-08-08 07:42:15,ATM_0080,50000,145
TX_000184,CMP_00184,MULE_ACC_2996,2026-09-01 21:59:15,ATM_0085,40000,159
TX_000185,CMP_00185,MULE_ACC_5712,2026-08-22 02:09:15,ATM_0066,15000,108
TX_000186,CMP_00186,MULE_ACC_5442,2026-08-03 03:44:15,ATM_0127,50000,89
TX_000187,CMP_00187,MULE_ACC_9700,2026-08-10 04:37:15,ATM_0092,15000,79
TX_000188,CMP_00188,MULE_ACC_3252,2026-08-18 13:49:15,ATM_0041,40000,160
TX_000189,CMP_00189,MULE_ACC_4267,2026-08-14 13:15:15,ATM_0008,20000,102
TX_000190,CMP_00190,MULE_ACC_1611,2026-08-14 16:23:15,ATM_0046,20000,126
TX_000191,CMP_00191,MULE_ACC_4052,2026-08-26 09:22:15,ATM_0117,50000,29
TX_000192,CMP_00192,MULE_ACC_9901,2026-07-10 08:47:15,ATM_0035,50000,146
TX_000193,CMP_00193,MULE_ACC_6417,2026-08-02 06:32:15,ATM_0048,15000,137
TX_000194,CMP_00194,MULE_ACC_4164,2026-08-20 09:49:15,ATM_0104,40000,176
TX_000195,CMP_00195,MULE_ACC_2562,2026-08-05 07:03:15,ATM_0043,20000,55
TX_000196,CMP_00196,MULE_ACC_5374,2026-07-20 09:55:15,ATM_0117,20000,97
TX_000197,CMP_00197,MULE_ACC_4871,2026-07-20 17:16:15,ATM_0037,40000,50
TX_000198,CMP_00198,MULE_ACC_6095,2026-08-16 14:37:15,ATM_0043,20000,95
TX_000199,CMP_00199,MULE_ACC_7121,2026-07-12 13:52:15,ATM_0138,50000,160
TX_000200,CMP_00200,MULE_ACC_2341,2026-08-25 05:05:15,ATM_0080,20000,134
TX_000201,CMP_00201,MULE_ACC_9972,2026-08-31 15:21:15,ATM_0032,15000,71
TX_000202,CMP_00202,MULE_ACC_4365,2026-07-24 14:56:15,ATM_0107,15000,145
TX_000203,CMP_00203,MULE_ACC_9409,2026-08-23 23:48:15,ATM_0110,25000,136
TX_000204,CMP_00204,MULE_ACC_7487,2026-08-16 06:09:15,ATM_0149,15000,20
TX_000205,CMP_00205,MULE_ACC_2044,2026-07-06 10:00:15,ATM_0018,40000,35
TX_000206,CMP_00206,MULE_ACC_3218,2026-07-06 07:24:15,ATM_0098,25000,115
TX_000207,CMP_00207,MULE_ACC_9835,2026-08-28 10:16:15,ATM_0110,15000,109
TX_000208,CMP_00208,MULE_ACC_1056,2026-08-06 02:25:15,ATM_0110,25000,96
TX_000209,CMP_00209,MULE_ACC_5055,2026-08-07 10:43:15,ATM_0040,25000,108
TX_000210,CMP_00210,MULE_ACC_7868,2026-08-20 23:29:15,ATM_0020,20000,24
TX_000211,CMP_00211,MULE_ACC_1797,2026-08-10 22:02:15,ATM_0043,50000,31
TX_000212,CMP_00212,MULE_ACC_5739,2026-07-16 23:58:15,ATM_0127,50000,167
TX_000213,CMP_00213,MULE_ACC_3347,2026-08-25 07:34:15,ATM_0046,20000,76
TX_000214,CMP_00214,MULE_ACC_3869,2026-08-08 17:41:15,ATM_0080,50000,162
TX_000215,CMP_00215,MULE_ACC_6222,2026-08-15 10:57:15,ATM_0085,20000,124
TX_000216,CMP_00216,MULE_ACC_4692,2026-08-21 14:29:15,ATM_0015,25000,56
TX_000217,CMP_00217,MULE_ACC_3196,2026-07-30 11:00:15,ATM_0071,50000,82
TX_000218,CMP_00218,MULE_ACC_2514,2026-07-09 12:05:15,ATM_0085,50000,68
TX_000219,CMP_00219,MULE_ACC_4082,2026-08-11 17:48:15,ATM_0040,15000,163
TX_000220,CMP_00220,MULE_ACC_2922,2026-07-22 21:38:15,ATM_0053,25000,82
TX_000221,CMP_00221,MULE_ACC_5637,2026-08-31 05:57:15,ATM_0080,40000,139
TX_000222,CMP_00222,MULE_ACC_8635,2026-07-20 09:55:15,ATM_0082,20000,140
TX_000223,CMP_00223,MULE_ACC_4625,2026-07-27 06:53:15,ATM_0117,15000,24
TX_000224,CMP_00224,MULE_ACC_4214,2026-08-19 10:39:15,ATM_0043,25000,78
TX_000225,CMP_00225,MULE_ACC_5216,2026-08-08 19:11:15,ATM_0080,20000,145
TX_000226,CMP_00226,MULE_ACC_4015,2026-07-12 20:12:15,ATM_0020,50000,35
TX_000227,CMP_00227,MULE_ACC_4791,2026-07-06 21:27:15,ATM_0107,25000,58
TX_000228,CMP_00228,MULE_ACC_8916,2026-07-26 22:06:15,ATM_0110,40000,24
TX_000229,CMP_00229,MULE_ACC_5501,2026-07-03 22:09:15,ATM_0142,40000,93
TX_000230,CMP_00230,MULE_ACC_9591,2026-08-24 02:30:15,ATM_0107,15000,81
TX_000231,CMP_00231,MULE_ACC_2294,2026-08-25 09:23:15,ATM_0043,50000,123
TX_000232,CMP_00232,MULE_ACC_1519,2026-07-18 07:49:15,ATM_0110,15000,123
TX_000233,CMP_00233,MULE_ACC_3807,2026-07-07 18:30:15,ATM_0085,50000,147
TX_000234,CMP_00234,MULE_ACC_1697,2026-08-27 01:14:15,ATM_0146,40000,74
TX_000235,CMP_00235,MULE_ACC_5593,2026-07-21 00:46:15,ATM_0046,15000,164
TX_000236,CMP_00236,MULE_ACC_7525,2026-07-05 04:16:15,ATM_0043,25000,96
TX_000237,CMP_00237,MULE_ACC_6435,2026-08-26 09:41:15,ATM_0021,50000,55
TX_000238,CMP_00238,MULE_ACC_8161,2026-08-20 07:45:15,ATM_0127,15000,39
TX_000239,CMP_00239,MULE_ACC_5478,2026-07-29 08:29:15,ATM_0110,40000,145
TX_000240,CMP_00240,MULE_ACC_7227,2026-07-31 04:44:15,ATM_0043,50000,178
TX_000241,CMP_00241,MULE_ACC_7225,2026-07-08 00:19:15,ATM_0021,20000,119
TX_000242,CMP_00242,MULE_ACC_5419,2026-07-04 06:24:15,ATM_0092,40000,53
TX_000243,CMP_00243,MULE_ACC_2692,2026-08-08 14:17:15,ATM_0020,50000,42
TX_000244,CMP_00244,MULE_ACC_1202,2026-08-11 09:03:15,ATM_0020,50000,125
TX_000245,CMP_00245,MULE_ACC_9537,2026-08-30 15:57:15,ATM_0046,25000,117
TX_000246,CMP_00246,MULE_ACC_3739,2026-07-21 12:42:15,ATM_0100,15000,90
TX_000247,CMP_00247,MULE_ACC_9123,2026-07-27 07:15:15,ATM_0021,20000,177
TX_000248,CMP_00248,MULE_ACC_7224,2026-07-22 22:40:15,ATM_0137,50000,132
TX_000249,CMP_00249,MULE_ACC_4290,2026-07-12 07:03:15,ATM_0085,40000,100
TX_000250,CMP_00250,MULE_ACC_9044,2026-07-22 21:09:15,ATM_0046,40000,82
TX_000251,CMP_00251,MULE_ACC_4273,2026-07-27 02:41:15,ATM_0110,20000,159
TX_000252,CMP_00252,MULE_ACC_8183,2026-08-19 11:25:15,ATM_0105,25000,37
TX_000253,CMP_00253,MULE_ACC_4965,2026-08-04 01:42:15,ATM_0097,20000,59
TX_000254,CMP_00254,MULE_ACC_7566,2026-08-01 18:02:15,ATM_0108,50000,149
TX_000255,CMP_00255,MULE_ACC_2392,2026-07-06 09:10:15,ATM_0091,20000,83
TX_000256,CMP_00256,MULE_ACC_7547,2026-08-14 17:15:15,ATM_0021,40000,130
TX_000257,CMP_00257,MULE_ACC_4621,2026-07-18 14:45:15,ATM_0142,50000,115
TX_000258,CMP_00258,MULE_ACC_1402,2026-08-17 12:58:15,ATM_0020,20000,46
TX_000259,CMP_00259,MULE_ACC_6110,2026-08-26 21:28:15,ATM_0134,40000,136
TX_000260,CMP_00260,MULE_ACC_8412,2026-07-26 11:46:15,ATM_0021,20000,37
TX_000261,CMP_00261,MULE_ACC_3692,2026-08-27 09:16:15,ATM_0037,15000,152
TX_000262,CMP_00262,MULE_ACC_7636,2026-08-08 10:39:15,ATM_0111,25000,67
TX_000263,CMP_00263,MULE_ACC_8365,2026-07-05 21:51:15,ATM_0040,20000,129
TX_000264,CMP_00264,MULE_ACC_2667,2026-07-21 20:01:15,ATM_0040,15000,67
TX_000265,CMP_00265,MULE_ACC_9646,2026-07-11 07:37:15,ATM_0085,50000,172
TX_000266,CMP_00266,MULE_ACC_3826,2026-07-11 10:22:15,ATM_0142,20000,177
TX_000267,CMP_00267,MULE_ACC_2916,2026-07-24 01:13:15,ATM_0131,40000,115
TX_000268,CMP_00268,MULE_ACC_7286,2026-07-30 16:18:15,ATM_0110,50000,67
TX_000269,CMP_00269,MULE_ACC_3733,2026-08-31 18:35:15,ATM_0071,25000,93
TX_000270,CMP_00270,MULE_ACC_1157,2026-08-11 22:52:15,ATM_0085,50000,54
TX_000271,CMP_00271,MULE_ACC_9056,2026-08-05 18:47:15,ATM_0020,50000,133
TX_000272,CMP_00272,MULE_ACC_5503,2026-07-05 05:58:15,ATM_0095,15000,157
TX_000273,CMP_00273,MULE_ACC_2854,2026-08-20 12:27:15,ATM_0110,40000,49
TX_000274,CMP_00274,MULE_ACC_8231,2026-08-06 23:06:15,ATM_0027,50000,75
TX_000275,CMP_00275,MULE_ACC_5877,2026-08-26 19:06:15,ATM_0020,25000,135
TX_000276,CMP_00276,MULE_ACC_4438,2026-08-28 01:41:15,ATM_0110,20000,109
TX_000277,CMP_00277,MULE_ACC_4390,2026-08-12 03:38:15,ATM_0046,25000,165
TX_000278,CMP_00278,MULE_ACC_5794,2026-08-07 04:09:15,ATM_0107,50000,166
TX_000279,CMP_00279,MULE_ACC_1971,2026-08-25 00:03:15,ATM_0034,20000,52
TX_000280,CMP_00280,MULE_ACC_7434,2026-07-13 19:19:15,ATM_0046,25000,56
TX_000281,CMP_00281,MULE_ACC_2525,2026-07-30 11:02:15,ATM_0095,15000,151
TX_000282,CMP_00282,MULE_ACC_2526,2026-08-04 08:31:15,ATM_0137,15000,111
TX_000283,CMP_00283,MULE_ACC_9105,2026-07-17 11:37:15,ATM_0087,25000,102
TX_000284,CMP_00284,MULE_ACC_6631,2026-08-09 01:10:15,ATM_0095,20000,31
TX_000285,CMP_00285,MULE_ACC_1011,2026-07-11 02:42:15,ATM_0034,50000,71
TX_000286,CMP_00286,MULE_ACC_2529,2026-07-23 03:22:15,ATM_0142,50000,84
TX_000287,CMP_00287,MULE_ACC_6005,2026-07-13 23:37:15,ATM_0025,20000,129
TX_000288,CMP_00288,MULE_ACC_4705,2026-07-17 13:20:15,ATM_0071,20000,133
TX_000289,CMP_00289,MULE_ACC_8826,2026-08-28 11:05:15,ATM_0021,20000,78
TX_000290,CMP_00290,MULE_ACC_3246,2026-07-24 08:53:15,ATM_0037,20000,54
TX_000291,CMP_00291,MULE_ACC_3688,2026-08-06 15:52:15,ATM_0039,40000,109
TX_000292,CMP_00292,MULE_ACC_2420,2026-08-12 18:26:15,ATM_0099,25000,55
TX_000293,CMP_00293,MULE_ACC_5059,2026-07-31 07:34:15,ATM_0127,25000,41
TX_000294,CMP_00294,MULE_ACC_1439,2026-08-19 16:33:15,ATM_0107,20000,72
TX_000295,CMP_00295,MULE_ACC_1894,2026-08-20 10:47:15,ATM_0043,40000,146
TX_000296,CMP_00296,MULE_ACC_1197,2026-08-13 16:48:15,ATM_0117,40000,101
TX_000297,CMP_00297,MULE_ACC_8717,2026-07-27 14:10:15,ATM_0006,25000,24
TX_000298,CMP_00298,MULE_ACC_7520,2026-07-16 23:35:15,ATM_0129,15000,93
TX_000299,CMP_00299,MULE_ACC_9791,2026-07-31 21:25:15,ATM_0020,15000,177
TX_000300,CMP_00300,MULE_ACC_3545,2026-07-09 14:44:15,ATM_0137,25000,103
TX_000301,CMP_00301,MULE_ACC_8167,2026-08-16 16:41:15,ATM_0092,20000,34
TX_000302,CMP_00302,MULE_ACC_6067,2026-08-02 16:31:15,ATM_0032,15000,50
TX_000303,CMP_00303,MULE_ACC_9568,2026-07-04 03:00:15,ATM_0032,50000,86
TX_000304,CMP_00304,MULE_ACC_1480,2026-08-22 06:58:15,ATM_0020,15000,129
TX_000305,CMP_00305,MULE_ACC_9128,2026-08-18 17:13:15,ATM_0100,15000,150
TX_000306,CMP_00306,MULE_ACC_2685,2026-07-14 08:02:15,ATM_0107,20000,49
TX_000307,CMP_00307,MULE_ACC_8729,2026-07-05 22:16:15,ATM_0046,15000,118
TX_000308,CMP_00308,MULE_ACC_7870,2026-08-08 20:32:15,ATM_0071,40000,102
TX_000309,CMP_00309,MULE_ACC_2956,2026-08-24 23:12:15,ATM_0107,20000,33
TX_000310,CMP_00310,MULE_ACC_5625,2026-07-29 00:42:15,ATM_0095,20000,103
TX_000311,CMP_00311,MULE_ACC_5979,2026-07-27 03:43:15,ATM_0117,40000,82
TX_000312,CMP_00312,MULE_ACC_5016,2026-08-22 03:10:15,ATM_0007,20000,21
TX_000313,CMP_00313,MULE_ACC_1157,2026-08-07 08:03:15,ATM_0097,50000,20
TX_000314,CMP_00314,MULE_ACC_9680,2026-08-19 07:16:15,ATM_0008,20000,127
TX_000315,CMP_00315,MULE_ACC_4792,2026-08-18 06:13:15,ATM_0096,15000,125
TX_000316,CMP_00316,MULE_ACC_9280,2026-08-20 00:40:15,ATM_0117,15000,120
TX_000317,CMP_00317,MULE_ACC_5778,2026-07-31 18:51:15,ATM_0101,25000,100
TX_000318,CMP_00318,MULE_ACC_8417,2026-08-26 20:42:15,ATM_0040,20000,79
TX_000319,CMP_00319,MULE_ACC_2731,2026-08-22 16:24:15,ATM_0092,20000,135
TX_000320,CMP_00320,MULE_ACC_8404,2026-08-07 10:10:15,ATM_0021,20000,138
TX_000321,CMP_00321,MULE_ACC_1660,2026-07-14 19:05:15,ATM_0043,40000,103
TX_000322,CMP_00322,MULE_ACC_5896,2026-07-29 13:10:15,ATM_0085,40000,64
TX_000323,CMP_00323,MULE_ACC_2551,2026-08-08 20:24:15,ATM_0036,20000,46
TX_000324,CMP_00324,MULE_ACC_3141,2026-07-03 23:58:15,ATM_0137,25000,122
TX_000325,CMP_00325,MULE_ACC_2228,2026-07-09 15:16:15,ATM_0137,40000,36
TX_000326,CMP_00326,MULE_ACC_3007,2026-08-24 02:26:15,ATM_0117,40000,138
TX_000327,CMP_00327,MULE_ACC_1483,2026-08-25 21:37:15,ATM_0040,20000,129
TX_000328,CMP_00328,MULE_ACC_1567,2026-07-21 07:29:15,ATM_0076,25000,178
TX_000329,CMP_00329,MULE_ACC_2437,2026-07-30 15:31:15,ATM_0040,15000,118
TX_000330,CMP_00330,MULE_ACC_9907,2026-08-29 14:15:15,ATM_0092,40000,117
TX_000331,CMP_00331,MULE_ACC_9231,2026-08-07 13:24:15,ATM_0006,40000,119
TX_000332,CMP_00332,MULE_ACC_1959,2026-08-11 05:39:15,ATM_0117,20000,155
TX_000333,CMP_00333,MULE_ACC_4951,2026-07-14 01:54:15,ATM_0015,20000,156
TX_000334,CMP_00334,MULE_ACC_3885,2026-08-09 11:16:15,ATM_0080,25000,171
TX_000335,CMP_00335,MULE_ACC_3328,2026-07-05 19:55:15,ATM_0127,50000,68
TX_000336,CMP_00336,MULE_ACC_2478,2026-07-23 02:53:15,ATM_0006,15000,79
TX_000337,CMP_00337,MULE_ACC_4300,2026-08-02 22:11:15,ATM_0083,20000,107
TX_000338,CMP_00338,MULE_ACC_3320,2026-07-05 03:14:15,ATM_0019,40000,154
TX_000339,CMP_00339,MULE_ACC_2655,2026-08-18 19:05:15,ATM_0037,50000,97
TX_000340,CMP_00340,MULE_ACC_6198,2026-07-31 19:17:15,ATM_0092,20000,163
TX_000341,CMP_00341,MULE_ACC_7199,2026-08-15 16:30:15,ATM_0006,25000,95
TX_000342,CMP_00342,MULE_ACC_1530,2026-08-09 11:51:15,ATM_0127,20000,174
TX_000343,CMP_00343,MULE_ACC_3304,2026-08-13 14:48:15,ATM_0071,20000,39
TX_000344,CMP_00344,MULE_ACC_6500,2026-08-12 23:17:15,ATM_0043,50000,22
TX_000345,CMP_00345,MULE_ACC_1020,2026-07-08 09:17:15,ATM_0092,15000,118
TX_000346,CMP_00346,MULE_ACC_6754,2026-08-29 11:30:15,ATM_0100,50000,116
TX_000347,CMP_00347,MULE_ACC_8393,2026-08-14 17:45:15,ATM_0071,25000,28
TX_000348,CMP_00348,MULE_ACC_7151,2026-07-09 23:03:15,ATM_0020,25000,39
TX_000349,CMP_00349,MULE_ACC_1507,2026-08-11 17:02:15,ATM_0112,20000,62
TX_000350,CMP_00350,MULE_ACC_4112,2026-07-07 02:05:15,ATM_0139,25000,161
TX_000351,CMP_00351,MULE_ACC_2571,2026-08-15 07:22:15,ATM_0100,20000,120
TX_000352,CMP_00352,MULE_ACC_2435,2026-07-07 10:03:15,ATM_0052,20000,180
TX_000353,CMP_00353,MULE_ACC_5781,2026-07-05 04:34:15,ATM_0079,40000,141
TX_000354,CMP_00354,MULE_ACC_5341,2026-08-03 14:39:15,ATM_0080,40000,159
TX_000355,CMP_00355,MULE_ACC_5313,2026-07-27 03:50:15,ATM_0046,15000,139
TX_000356,CMP_00356,MULE_ACC_2584,2026-07-07 02:39:15,ATM_0106,50000,108
TX_000357,CMP_00357,MULE_ACC_9561,2026-07-18 15:43:15,ATM_0122,50000,157
TX_000358,CMP_00358,MULE_ACC_2293,2026-08-29 04:01:15,ATM_0107,50000,28
TX_000359,CMP_00359,MULE_ACC_8357,2026-08-16 16:14:15,ATM_0050,15000,62
TX_000360,CMP_00360,MULE_ACC_8133,2026-07-06 12:08:15,ATM_0127,40000,180
TX_000361,CMP_00361,MULE_ACC_2425,2026-07-24 22:43:15,ATM_0071,15000,162
TX_000362,CMP_00362,MULE_ACC_9561,2026-08-06 11:49:15,ATM_0032,15000,48
TX_000363,CMP_00363,MULE_ACC_2730,2026-08-10 15:36:15,ATM_0138,15000,45
TX_000364,CMP_00364,MULE_ACC_8955,2026-08-29 12:14:15,ATM_0037,40000,175
TX_000365,CMP_00365,MULE_ACC_7581,2026-07-29 02:43:15,ATM_0085,50000,121
TX_000366,CMP_00366,MULE_ACC_5400,2026-07-18 22:15:15,ATM_0066,40000,25
TX_000367,CMP_00367,MULE_ACC_2609,2026-07-21 12:51:15,ATM_0095,40000,54
TX_000368,CMP_00368,MULE_ACC_2462,2026-07-21 21:42:15,ATM_0092,50000,133
TX_000369,CMP_00369,MULE_ACC_1920,2026-08-04 13:58:15,ATM_0107,40000,60
TX_000370,CMP_00370,MULE_ACC_1474,2026-07-12 14:08:15,ATM_0052,20000,69
TX_000371,CMP_00371,MULE_ACC_6904,2026-07-18 23:02:15,ATM_0095,15000,90
TX_000372,CMP_00372,MULE_ACC_1500,2026-07-29 18:57:15,ATM_0095,15000,115
TX_000373,CMP_00373,MULE_ACC_6730,2026-08-28 12:41:15,ATM_0067,50000,61
TX_000374,CMP_00374,MULE_ACC_1449,2026-08-26 18:40:15,ATM_0117,20000,32
TX_000375,CMP_00375,MULE_ACC_4387,2026-08-27 05:48:15,ATM_0142,20000,124
TX_000376,CMP_00376,MULE_ACC_1138,2026-08-03 02:08:15,ATM_0079,25000,84
TX_000377,CMP_00377,MULE_ACC_7168,2026-08-18 18:37:15,ATM_0095,40000,137
TX_000378,CMP_00378,MULE_ACC_7506,2026-08-16 13:41:15,ATM_0142,40000,46
TX_000379,CMP_00379,MULE_ACC_5631,2026-08-08 17:28:15,ATM_0071,40000,47
TX_000380,CMP_00380,MULE_ACC_5278,2026-08-13 08:06:15,ATM_0043,20000,68
TX_000381,CMP_00381,MULE_ACC_6236,2026-08-24 15:54:15,ATM_0076,40000,26
TX_000382,CMP_00382,MULE_ACC_1578,2026-08-31 12:14:15,ATM_0088,50000,166
TX_000383,CMP_00383,MULE_ACC_8794,2026-08-18 06:15:15,ATM_0037,50000,149
TX_000384,CMP_00384,MULE_ACC_2599,2026-08-29 14:06:15,ATM_0144,20000,52
TX_000385,CMP_00385,MULE_ACC_4641,2026-08-16 08:01:15,ATM_0079,15000,77
TX_000386,CMP_00386,MULE_ACC_5817,2026-08-23 07:16:15,ATM_0137,50000,50
TX_000387,CMP_00387,MULE_ACC_4187,2026-08-10 15:57:15,ATM_0098,50000,50
TX_000388,CMP_00388,MULE_ACC_3250,2026-07-23 10:53:15,ATM_0117,25000,107
TX_000389,CMP_00389,MULE_ACC_3954,2026-07-13 09:22:15,ATM_0037,40000,144
TX_000390,CMP_00390,MULE_ACC_5481,2026-08-12 22:06:15,ATM_0037,40000,63
TX_000391,CMP_00391,MULE_ACC_8105,2026-08-23 00:14:15,ATM_0100,40000,123
TX_000392,CMP_00392,MULE_ACC_7112,2026-07-03 23:19:15,ATM_0136,20000,102
TX_000393,CMP_00393,MULE_ACC_5076,2026-07-05 18:51:15,ATM_0021,40000,108
TX_000394,CMP_00394,MULE_ACC_2069,2026-08-05 15:58:15,ATM_0117,25000,96
TX_000395,CMP_00395,MULE_ACC_8105,2026-08-06 17:23:15,ATM_0126,40000,107
TX_000396,CMP_00396,MULE_ACC_1313,2026-08-21 03:30:15,ATM_0034,20000,77
TX_000397,CMP_00397,MULE_ACC_3768,2026-08-18 22:33:15,ATM_0010,40000,113
TX_000398,CMP_00398,MULE_ACC_1796,2026-08-29 16:51:15,ATM_0006,20000,32
TX_000399,CMP_00399,MULE_ACC_7230,2026-08-17 02:09:15,ATM_0032,20000,160
TX_000400,CMP_00400,MULE_ACC_5933,2026-08-17 18:28:15,ATM_0070,15000,45
TX_000401,CMP_00401,MULE_ACC_2718,2026-08-11 21:09:15,ATM_0021,20000,178
TX_000402,CMP_00402,MULE_ACC_5308,2026-08-04 03:52:15,ATM_0092,25000,71
TX_000403,CMP_00403,MULE_ACC_4402,2026-07-13 23:22:15,ATM_0006,50000,104
TX_000404,CMP_00404,MULE_ACC_9095,2026-07-09 00:39:15,ATM_0020,50000,43
TX_000405,CMP_00405,MULE_ACC_4787,2026-08-19 01:35:15,ATM_0008,20000,95
TX_000406,CMP_00406,MULE_ACC_5760,2026-08-25 03:38:15,ATM_0021,15000,100
TX_000407,CMP_00407,MULE_ACC_3793,2026-08-26 22:54:15,ATM_0069,25000,111
TX_000408,CMP_00408,MULE_ACC_3996,2026-07-09 09:57:15,ATM_0095,40000,122
TX_000409,CMP_00409,MULE_ACC_7909,2026-08-26 09:35:15,ATM_0008,20000,48
TX_000410,CMP_00410,MULE_ACC_8908,2026-07-10 12:13:15,ATM_0085,40000,132
TX_000411,CMP_00411,MULE_ACC_3140,2026-08-11 23:22:15,ATM_0092,40000,144
TX_000412,CMP_00412,MULE_ACC_6148,2026-07-06 00:53:15,ATM_0148,50000,154
TX_000413,CMP_00413,MULE_ACC_9504,2026-08-09 06:43:15,ATM_0142,50000,178
TX_000414,CMP_00414,MULE_ACC_7305,2026-07-19 14:07:15,ATM_0014,20000,162
TX_000415,CMP_00415,MULE_ACC_9123,2026-08-14 02:14:15,ATM_0083,20000,39
TX_000416,CMP_00416,MULE_ACC_4648,2026-07-25 06:02:15,ATM_0043,20000,116
TX_000417,CMP_00417,MULE_ACC_8341,2026-08-02 13:21:15,ATM_0021,40000,147
TX_000418,CMP_00418,MULE_ACC_7609,2026-08-20 16:33:15,ATM_0006,15000,29
TX_000419,CMP_00419,MULE_ACC_5990,2026-08-23 18:25:15,ATM_0142,40000,163
TX_000420,CMP_00420,MULE_ACC_4652,2026-07-25 09:39:15,ATM_0127,15000,104
TX_000421,CMP_00421,MULE_ACC_8414,2026-08-03 19:29:15,ATM_0057,20000,44
TX_000422,CMP_00422,MULE_ACC_5783,2026-07-25 10:29:15,ATM_0021,20000,153
TX_000423,CMP_00423,MULE_ACC_7704,2026-08-30 02:59:15,ATM_0049,20000,85
TX_000424,CMP_00424,MULE_ACC_4122,2026-09-01 09:03:15,ATM_0012,50000,47
TX_000425,CMP_00425,MULE_ACC_8381,2026-08-26 20:30:15,ATM_0035,15000,170
TX_000426,CMP_00426,MULE_ACC_8091,2026-07-04 15:13:15,ATM_0046,15000,143
TX_000427,CMP_00427,MULE_ACC_2696,2026-08-10 04:42:15,ATM_0083,25000,173
TX_000428,CMP_00428,MULE_ACC_5067,2026-08-29 10:30:15,ATM_0076,40000,121
TX_000429,CMP_00429,MULE_ACC_9393,2026-08-24 02:51:15,ATM_0142,50000,160
TX_000430,CMP_00430,MULE_ACC_5760,2026-07-17 03:09:15,ATM_0046,50000,53
TX_000431,CMP_00431,MULE_ACC_2890,2026-08-07 21:26:15,ATM_0117,50000,163
TX_000432,CMP_00432,MULE_ACC_9747,2026-08-18 11:54:15,ATM_0134,20000,128
TX_000433,CMP_00433,MULE_ACC_1927,2026-07-05 09:40:15,ATM_0042,15000,88
TX_000434,CMP_00434,MULE_ACC_5835,2026-08-16 06:50:15,ATM_0095,15000,158
TX_000435,CMP_00435,MULE_ACC_4675,2026-08-12 19:49:15,ATM_0066,50000,119
TX_000436,CMP_00436,MULE_ACC_7349,2026-08-14 23:42:15,ATM_0014,20000,100
TX_000437,CMP_00437,MULE_ACC_8259,2026-08-20 06:09:15,ATM_0140,50000,114
TX_000438,CMP_00438,MULE_ACC_4170,2026-08-11 05:06:15,ATM_0142,20000,134
TX_000439,CMP_00439,MULE_ACC_2955,2026-07-15 02:20:15,ATM_0110,40000,30
TX_000440,CMP_00440,MULE_ACC_1092,2026-07-12 03:59:15,ATM_0040,20000,139
TX_000441,CMP_00441,MULE_ACC_5934,2026-07-13 09:27:15,ATM_0020,15000,166
TX_000442,CMP_00442,MULE_ACC_9529,2026-07-24 14:46:15,ATM_0110,25000,149
TX_000443,CMP_00443,MULE_ACC_4495,2026-07-29 00:09:15,ATM_0040,25000,104
TX_000444,CMP_00444,MULE_ACC_1144,2026-08-06 13:26:15,ATM_0137,50000,108
TX_000445,CMP_00445,MULE_ACC_6258,2026-08-31 16:07:15,ATM_0110,15000,49
TX_000446,CMP_00446,MULE_ACC_7143,2026-07-21 23:31:15,ATM_0008,40000,150
TX_000447,CMP_00447,MULE_ACC_9419,2026-08-30 16:59:15,ATM_0110,50000,44
TX_000448,CMP_00448,MULE_ACC_4492,2026-07-04 16:53:15,ATM_0092,25000,46
TX_000449,CMP_00449,MULE_ACC_3519,2026-08-25 01:07:15,ATM_0010,20000,137
TX_000450,CMP_00450,MULE_ACC_2154,2026-07-07 22:32:15,ATM_0105,40000,78
TX_000451,CMP_00451,MULE_ACC_6183,2026-08-01 18:27:15,ATM_0137,20000,119
TX_000452,CMP_00452,MULE_ACC_1745,2026-08-14 21:33:15,ATM_0028,15000,111
TX_000453,CMP_00453,MULE_ACC_2417,2026-08-23 19:34:15,ATM_0142,20000,132
TX_000454,CMP_00454,MULE_ACC_3234,2026-08-03 04:16:15,ATM_0137,20000,159
TX_000455,CMP_00455,MULE_ACC_7113,2026-07-23 20:40:15,ATM_0037,20000,161
TX_000456,CMP_00456,MULE_ACC_7456,2026-07-05 23:19:15,ATM_0079,20000,160
TX_000457,CMP_00457,MULE_ACC_6633,2026-08-20 22:05:15,ATM_0132,20000,125
TX_000458,CMP_00458,MULE_ACC_5140,2026-07-14 02:06:15,ATM_0117,20000,49
TX_000459,CMP_00459,MULE_ACC_2198,2026-08-27 14:09:15,ATM_0040,50000,37
TX_000460,CMP_00460,MULE_ACC_3100,2026-08-10 12:09:15,ATM_0020,20000,45
TX_000461,CMP_00461,MULE_ACC_6008,2026-07-24 12:30:15,ATM_0080,40000,59
TX_000462,CMP_00462,MULE_ACC_5033,2026-07-31 03:14:15,ATM_0080,20000,131
TX_000463,CMP_00463,MULE_ACC_8583,2026-08-16 21:15:15,ATM_0125,50000,111
TX_000464,CMP_00464,MULE_ACC_2343,2026-07-10 02:39:15,ATM_0051,40000,55
TX_000465,CMP_00465,MULE_ACC_2235,2026-08-19 18:36:15,ATM_0149,50000,149
TX_000466,CMP_00466,MULE_ACC_5269,2026-07-29 16:54:15,ATM_0032,15000,158
TX_000467,CMP_00467,MULE_ACC_5767,2026-07-29 06:18:15,ATM_0020,40000,138
TX_000468,CMP_00468,MULE_ACC_4913,2026-07-27 13:05:15,ATM_0036,40000,62
TX_000469,CMP_00469,MULE_ACC_3395,2026-07-14 03:30:15,ATM_0100,20000,111
TX_000470,CMP_00470,MULE_ACC_1701,2026-07-08 06:58:15,ATM_0093,25000,152
TX_000471,CMP_00471,MULE_ACC_1653,2026-08-03 11:45:15,ATM_0134,15000,46
TX_000472,CMP_00472,MULE_ACC_5314,2026-08-26 07:35:15,ATM_0085,50000,159
TX_000473,CMP_00473,MULE_ACC_2275,2026-07-28 09:04:15,ATM_0043,50000,84
TX_000474,CMP_00474,MULE_ACC_8976,2026-07-29 10:49:15,ATM_0032,40000,174
TX_000475,CMP_00475,MULE_ACC_5600,2026-07-14 04:05:15,ATM_0080,50000,58
TX_000476,CMP_00476,MULE_ACC_7793,2026-08-18 00:34:15,ATM_0100,25000,49
TX_000477,CMP_00477,MULE_ACC_7732,2026-07-17 15:35:15,ATM_0117,50000,82
TX_000478,CMP_00478,MULE_ACC_1642,2026-07-14 01:40:15,ATM_0046,20000,57
TX_000479,CMP_00479,MULE_ACC_1305,2026-08-06 09:22:15,ATM_0127,40000,41
TX_000480,CMP_00480,MULE_ACC_7730,2026-08-28 12:09:15,ATM_0047,25000,56
TX_000481,CMP_00481,MULE_ACC_6614,2026-08-15 15:11:15,ATM_0043,25000,172
TX_000482,CMP_00482,MULE_ACC_4315,2026-07-28 02:38:15,ATM_0039,15000,149
TX_000483,CMP_00483,MULE_ACC_1639,2026-07-10 04:01:15,ATM_0024,40000,148
TX_000484,CMP_00484,MULE_ACC_9835,2026-08-15 03:10:15,ATM_0080,20000,130
TX_000485,CMP_00485,MULE_ACC_8899,2026-08-17 14:19:15,ATM_0117,20000,109
TX_000486,CMP_00486,MULE_ACC_4809,2026-07-31 01:51:15,ATM_0110,40000,92
TX_000487,CMP_00487,MULE_ACC_1116,2026-07-20 04:36:15,ATM_0006,40000,153
TX_000488,CMP_00488,MULE_ACC_7698,2026-08-14 03:34:15,ATM_0137,50000,47
TX_000489,CMP_00489,MULE_ACC_7939,2026-07-20 06:50:15,ATM_0102,20000,113
TX_000490,CMP_00490,MULE_ACC_8904,2026-07-30 15:47:15,ATM_0100,40000,114
TX_000491,CMP_00491,MULE_ACC_7522,2026-07-23 15:15:15,ATM_0115,50000,50
TX_000492,CMP_00492,MULE_ACC_7562,2026-07-14 01:56:15,ATM_0014,20000,160
TX_000493,CMP_00493,MULE_ACC_3381,2026-07-28 18:56:15,ATM_0020,15000,173
TX_000494,CMP_00494,MULE_ACC_1618,2026-07-18 09:10:15,ATM_0134,40000,122
TX_000495,CMP_00495,MULE_ACC_9099,2026-08-18 15:28:15,ATM_0142,25000,22
TX_000496,CMP_00496,MULE_ACC_9364,2026-07-22 03:24:15,ATM_0010,40000,79
TX_000497,CMP_00497,MULE_ACC_2422,2026-07-19 18:05:15,ATM_0085,25000,122
TX_000498,CMP_00498,MULE_ACC_2124,2026-08-10 05:16:15,ATM_0110,15000,160
TX_000499,CMP_00499,MULE_ACC_4707,2026-07-26 09:04:15,ATM_0085,50000,69
TX_000500,CMP_00500,MULE_ACC_9294,2026-07-04 06:57:15,ATM_0066,40000,163
TX_000501,CMP_00501,MULE_ACC_5098,2026-07-11 14:15:15,ATM_0043,40000,116
TX_000502,CMP_00502,MULE_ACC_1448,2026-08-22 11:35:15,ATM_0085,50000,49
TX_000503,CMP_00503,MULE_ACC_4767,2026-08-23 05:51:15,ATM_0133,50000,125
TX_000504,CMP_00504,MULE_ACC_5067,2026-07-04 19:39:15,ATM_0071,20000,43
TX_000505,CMP_00505,MULE_ACC_6792,2026-08-08 04:19:15,ATM_0142,20000,166
TX_000506,CMP_00506,MULE_ACC_4965,2026-08-04 20:27:15,ATM_0043,25000,72
TX_000507,CMP_00507,MULE_ACC_2964,2026-07-26 03:18:15,ATM_0139,15000,146
TX_000508,CMP_00508,MULE_ACC_6167,2026-08-27 14:13:15,ATM_0126,20000,167
TX_000509,CMP_00509,MULE_ACC_4638,2026-08-21 13:12:15,ATM_0092,40000,52
TX_000510,CMP_00510,MULE_ACC_7450,2026-08-06 23:52:15,ATM_0133,40000,137
TX_000511,CMP_00511,MULE_ACC_4452,2026-07-24 20:51:15,ATM_0080,15000,168
TX_000512,CMP_00512,MULE_ACC_5306,2026-08-28 05:42:15,ATM_0127,40000,88
TX_000513,CMP_00513,MULE_ACC_4449,2026-07-27 03:29:15,ATM_0085,40000,115
TX_000514,CMP_00514,MULE_ACC_4744,2026-08-01 03:08:15,ATM_0143,25000,89
TX_000515,CMP_00515,MULE_ACC_3450,2026-08-27 08:37:15,ATM_0100,20000,22
TX_000516,CMP_00516,MULE_ACC_6172,2026-08-30 18:12:15,ATM_0117,20000,96
TX_000517,CMP_00517,MULE_ACC_1983,2026-07-29 01:12:15,ATM_0137,20000,85
TX_000518,CMP_00518,MULE_ACC_6914,2026-08-01 22:07:15,ATM_0046,40000,163
TX_000519,CMP_00519,MULE_ACC_4259,2026-07-05 11:57:15,ATM_0138,20000,167
TX_000520,CMP_00520,MULE_ACC_9363,2026-08-22 07:39:15,ATM_0098,50000,134
TX_000521,CMP_00521,MULE_ACC_3745,2026-07-22 12:50:15,ATM_0147,25000,127
TX_000522,CMP_00522,MULE_ACC_6629,2026-08-26 23:48:15,ATM_0066,25000,100
TX_000523,CMP_00523,MULE_ACC_5444,2026-07-21 17:36:15,ATM_0134,40000,112
TX_000524,CMP_00524,MULE_ACC_3048,2026-07-30 02:38:15,ATM_0021,15000,84
TX_000525,CMP_00525,MULE_ACC_2045,2026-07-14 10:49:15,ATM_0085,15000,160
TX_000526,CMP_00526,MULE_ACC_3544,2026-08-21 00:08:15,ATM_0043,50000,119
TX_000527,CMP_00527,MULE_ACC_3150,2026-07-22 11:46:15,ATM_0142,25000,63
TX_000528,CMP_00528,MULE_ACC_8654,2026-08-28 08:27:15,ATM_0032,50000,89
TX_000529,CMP_00529,MULE_ACC_8480,2026-08-07 03:51:15,ATM_0137,50000,131
TX_000530,CMP_00530,MULE_ACC_4721,2026-07-23 09:46:15,ATM_0092,40000,133
TX_000531,CMP_00531,MULE_ACC_9574,2026-07-13 06:51:15,ATM_0110,15000,108
TX_000532,CMP_00532,MULE_ACC_5908,2026-08-17 14:01:15,ATM_0060,20000,130
TX_000533,CMP_00533,MULE_ACC_8161,2026-08-08 08:38:15,ATM_0137,40000,83
TX_000534,CMP_00534,MULE_ACC_2297,2026-08-26 11:17:15,ATM_0127,50000,180
TX_000535,CMP_00535,MULE_ACC_9715,2026-08-16 06:26:15,ATM_0020,20000,125
TX_000536,CMP_00536,MULE_ACC_8460,2026-07-12 07:25:15,ATM_0127,40000,135
TX_000537,CMP_00537,MULE_ACC_1813,2026-07-16 06:29:15,ATM_0021,25000,25
TX_000538,CMP_00538,MULE_ACC_1134,2026-07-21 01:31:15,ATM_0100,20000,43
TX_000539,CMP_00539,MULE_ACC_7084,2026-07-25 09:50:15,ATM_0032,20000,28
TX_000540,CMP_00540,MULE_ACC_8702,2026-07-21 09:16:15,ATM_0065,40000,69
TX_000541,CMP_00541,MULE_ACC_5078,2026-08-25 22:23:15,ATM_0008,20000,133
TX_000542,CMP_00542,MULE_ACC_9538,2026-08-02 22:13:15,ATM_0066,15000,141
TX_000543,CMP_00543,MULE_ACC_9534,2026-07-14 18:13:15,ATM_0066,15000,84
TX_000544,CMP_00544,MULE_ACC_4568,2026-07-26 23:18:15,ATM_0084,20000,80
TX_000545,CMP_00545,MULE_ACC_7484,2026-07-14 05:02:15,ATM_0149,15000,22
TX_000546,CMP_00546,MULE_ACC_7084,2026-08-03 20:04:15,ATM_0020,25000,83
TX_000547,CMP_00547,MULE_ACC_1983,2026-08-12 08:53:15,ATM_0138,20000,111
TX_000548,CMP_00548,MULE_ACC_6690,2026-07-12 12:26:15,ATM_0085,40000,69
TX_000549,CMP_00549,MULE_ACC_8951,2026-08-19 03:02:15,ATM_0100,15000,163
TX_000550,CMP_00550,MULE_ACC_6303,2026-08-09 03:07:15,ATM_0142,20000,90
TX_000551,CMP_00551,MULE_ACC_5844,2026-07-08 14:50:15,ATM_0006,50000,158
TX_000552,CMP_00552,MULE_ACC_1306,2026-08-05 10:42:15,ATM_0062,25000,113
TX_000553,CMP_00553,MULE_ACC_7348,2026-08-19 01:19:15,ATM_0142,20000,154
TX_000554,CMP_00554,MULE_ACC_6276,2026-08-12 06:07:15,ATM_0020,20000,44
TX_000555,CMP_00555,MULE_ACC_4310,2026-08-26 02:38:15,ATM_0008,15000,144
TX_000556,CMP_00556,MULE_ACC_9615,2026-08-14 11:36:15,ATM_0080,20000,171
TX_000557,CMP_00557,MULE_ACC_4419,2026-08-11 18:47:15,ATM_0137,15000,40
TX_000558,CMP_00558,MULE_ACC_7046,2026-07-27 16:47:15,ATM_0008,50000,177
TX_000559,CMP_00559,MULE_ACC_9511,2026-07-08 05:52:15,ATM_0137,25000,45
TX_000560,CMP_00560,MULE_ACC_5075,2026-07-16 05:36:15,ATM_0143,50000,180
TX_000561,CMP_00561,MULE_ACC_6864,2026-08-08 11:59:15,ATM_0043,15000,129
TX_000562,CMP_00562,MULE_ACC_3591,2026-08-08 11:28:15,ATM_0080,40000,173
TX_000563,CMP_00563,MULE_ACC_7755,2026-08-08 08:39:15,ATM_0145,50000,102
TX_000564,CMP_00564,MULE_ACC_5162,2026-07-17 11:07:15,ATM_0085,20000,135
TX_000565,CMP_00565,MULE_ACC_1267,2026-08-18 22:15:15,ATM_0078,20000,54
TX_000566,CMP_00566,MULE_ACC_1355,2026-07-23 05:57:15,ATM_0117,50000,161
TX_000567,CMP_00567,MULE_ACC_6827,2026-07-13 00:00:15,ATM_0117,20000,55
TX_000568,CMP_00568,MULE_ACC_2505,2026-07-18 06:56:15,ATM_0040,50000,122
TX_000569,CMP_00569,MULE_ACC_3832,2026-07-08 22:10:15,ATM_0025,50000,167
TX_000570,CMP_00570,MULE_ACC_7251,2026-08-14 05:39:15,ATM_0086,40000,34
TX_000571,CMP_00571,MULE_ACC_4714,2026-08-29 09:51:15,ATM_0098,15000,22
TX_000572,CMP_00572,MULE_ACC_9846,2026-07-23 13:03:15,ATM_0043,20000,58
TX_000573,CMP_00573,MULE_ACC_8300,2026-07-07 20:36:15,ATM_0043,40000,167
TX_000574,CMP_00574,MULE_ACC_6507,2026-07-22 10:33:15,ATM_0008,25000,141
TX_000575,CMP_00575,MULE_ACC_9221,2026-07-29 05:01:15,ATM_0124,50000,53
TX_000576,CMP_00576,MULE_ACC_4212,2026-07-16 14:25:15,ATM_0135,20000,177
TX_000577,CMP_00577,MULE_ACC_6298,2026-07-18 23:02:15,ATM_0092,40000,42
TX_000578,CMP_00578,MULE_ACC_6644,2026-07-27 07:41:15,ATM_0044,40000,26
TX_000579,CMP_00579,MULE_ACC_8216,2026-08-12 12:01:15,ATM_0080,20000,79
TX_000580,CMP_00580,MULE_ACC_2841,2026-08-21 21:19:15,ATM_0038,15000,82
TX_000581,CMP_00581,MULE_ACC_5999,2026-07-04 09:07:15,ATM_0040,15000,140
TX_000582,CMP_00582,MULE_ACC_9573,2026-08-07 04:56:15,ATM_0032,50000,160
TX_000583,CMP_00583,MULE_ACC_9631,2026-08-17 18:29:15,ATM_0066,20000,85
TX_000584,CMP_00584,MULE_ACC_1869,2026-08-23 19:04:15,ATM_0142,40000,22
TX_000585,CMP_00585,MULE_ACC_1312,2026-08-15 19:24:15,ATM_0085,15000,118
TX_000586,CMP_00586,MULE_ACC_8940,2026-08-18 02:36:15,ATM_0040,50000,156
TX_000587,CMP_00587,MULE_ACC_1352,2026-08-02 15:25:15,ATM_0079,40000,83
TX_000588,CMP_00588,MULE_ACC_1301,2026-08-04 10:40:15,ATM_0066,20000,110
TX_000589,CMP_00589,MULE_ACC_5221,2026-08-05 05:21:15,ATM_0072,15000,27
TX_000590,CMP_00590,MULE_ACC_3248,2026-07-13 08:57:15,ATM_0142,50000,117
TX_000591,CMP_00591,MULE_ACC_7837,2026-08-28 19:32:15,ATM_0066,25000,166
TX_000592,CMP_00592,MULE_ACC_4387,2026-07-25 13:25:15,ATM_0040,20000,168
TX_000593,CMP_00593,MULE_ACC_3215,2026-07-23 19:45:15,ATM_0145,20000,57
TX_000594,CMP_00594,MULE_ACC_2939,2026-07-24 00:19:15,ATM_0038,50000,101
TX_000595,CMP_00595,MULE_ACC_7737,2026-07-05 09:12:15,ATM_0071,20000,133
TX_000596,CMP_00596,MULE_ACC_4026,2026-08-22 05:05:15,ATM_0146,25000,176
TX_000597,CMP_00597,MULE_ACC_1427,2026-07-18 15:57:15,ATM_0123,20000,40
TX_000598,CMP_00598,MULE_ACC_7126,2026-08-05 17:32:15,ATM_0032,20000,119
TX_000599,CMP_00599,MULE_ACC_1245,2026-07-16 05:10:15,ATM_0142,20000,125
TX_000600,CMP_00600,MULE_ACC_8197,2026-08-21 04:32:15,ATM_0118,20000,145
TX_000601,CMP_00601,MULE_ACC_7232,2026-07-31 10:52:15,ATM_0147,15000,120
TX_000602,CMP_00602,MULE_ACC_1630,2026-08-07 13:31:15,ATM_0008,20000,47
TX_000603,CMP_00603,MULE_ACC_1643,2026-08-06 15:27:15,ATM_0137,20000,119
TX_000604,CMP_00604,MULE_ACC_5989,2026-07-16 07:49:15,ATM_0066,50000,138
TX_000605,CMP_00605,MULE_ACC_3330,2026-08-31 00:02:15,ATM_0107,20000,135
TX_000606,CMP_00606,MULE_ACC_9952,2026-07-15 17:00:15,ATM_0095,20000,120
TX_000607,CMP_00607,MULE_ACC_4308,2026-07-15 11:23:15,ATM_0137,50000,43
TX_000608,CMP_00608,MULE_ACC_3024,2026-08-23 02:37:15,ATM_0093,20000,49
TX_000609,CMP_00609,MULE_ACC_9383,2026-08-06 19:27:15,ATM_0085,20000,60
TX_000610,CMP_00610,MULE_ACC_3459,2026-08-22 02:58:15,ATM_0008,40000,57
TX_000611,CMP_00611,MULE_ACC_5731,2026-07-23 06:39:15,ATM_0052,20000,50
TX_000612,CMP_00612,MULE_ACC_9153,2026-08-12 06:42:15,ATM_0127,20000,159
TX_000613,CMP_00613,MULE_ACC_8434,2026-07-17 16:58:15,ATM_0127,20000,133
TX_000614,CMP_00614,MULE_ACC_4401,2026-07-19 14:27:15,ATM_0137,40000,67
TX_000615,CMP_00615,MULE_ACC_5889,2026-07-06 01:39:15,ATM_0092,15000,42
TX_000616,CMP_00616,MULE_ACC_3906,2026-07-14 20:09:15,ATM_0008,20000,168
TX_000617,CMP_00617,MULE_ACC_7208,2026-08-22 07:32:15,ATM_0017,40000,129
TX_000618,CMP_00618,MULE_ACC_5496,2026-08-03 02:44:15,ATM_0040,50000,154
TX_000619,CMP_00619,MULE_ACC_9666,2026-07-17 17:29:15,ATM_0074,15000,143
TX_000620,CMP_00620,MULE_ACC_6797,2026-08-11 09:16:15,ATM_0107,50000,177
TX_000621,CMP_00621,MULE_ACC_4812,2026-08-13 12:43:15,ATM_0006,25000,69
TX_000622,CMP_00622,MULE_ACC_7793,2026-08-13 00:21:15,ATM_0110,25000,31
TX_000623,CMP_00623,MULE_ACC_5614,2026-07-16 21:20:15,ATM_0107,25000,37
TX_000624,CMP_00624,MULE_ACC_6460,2026-07-23 22:11:15,ATM_0008,20000,121
TX_000625,CMP_00625,MULE_ACC_8849,2026-07-16 07:25:15,ATM_0124,20000,29
TX_000626,CMP_00626,MULE_ACC_6490,2026-08-13 13:05:15,ATM_0015,50000,125
TX_000627,CMP_00627,MULE_ACC_6169,2026-07-23 17:26:15,ATM_0117,50000,157
TX_000628,CMP_00628,MULE_ACC_5595,2026-07-25 08:53:15,ATM_0137,20000,106
TX_000629,CMP_00629,MULE_ACC_2914,2026-08-09 17:07:15,ATM_0070,25000,100
TX_000630,CMP_00630,MULE_ACC_7088,2026-07-09 13:36:15,ATM_0066,20000,97
TX_000631,CMP_00631,MULE_ACC_4311,2026-07-11 10:06:15,ATM_0100,15000,133
TX_000632,CMP_00632,MULE_ACC_9579,2026-07-13 04:07:15,ATM_0021,50000,103
TX_000633,CMP_00633,MULE_ACC_1598,2026-08-16 02:15:15,ATM_0134,20000,119
TX_000634,CMP_00634,MULE_ACC_2426,2026-07-04 08:21:15,ATM_0027,15000,139
TX_000635,CMP_00635,MULE_ACC_1368,2026-08-22 19:29:15,ATM_0054,40000,99
TX_000636,CMP_00636,MULE_ACC_9720,2026-07-16 04:33:15,ATM_0070,20000,132
TX_000637,CMP_00637,MULE_ACC_9422,2026-07-14 05:22:15,ATM_0110,15000,72
TX_000638,CMP_00638,MULE_ACC_5011,2026-07-21 01:26:15,ATM_0071,50000,38
TX_000639,CMP_00639,MULE_ACC_8712,2026-07-31 21:58:15,ATM_0020,15000,47
TX_000640,CMP_00640,MULE_ACC_8304,2026-07-29 03:39:15,ATM_0040,50000,111
TX_000641,CMP_00641,MULE_ACC_2286,2026-08-21 20:39:15,ATM_0095,20000,165
TX_000642,CMP_00642,MULE_ACC_8625,2026-08-02 07:05:15,ATM_0037,50000,79
TX_000643,CMP_00643,MULE_ACC_6412,2026-07-20 09:44:15,ATM_0020,25000,136
TX_000644,CMP_00644,MULE_ACC_3798,2026-07-11 09:22:15,ATM_0033,50000,109
TX_000645,CMP_00645,MULE_ACC_2752,2026-07-10 11:37:15,ATM_0078,50000,162
TX_000646,CMP_00646,MULE_ACC_4908,2026-08-02 10:02:15,ATM_0100,40000,82
TX_000647,CMP_00647,MULE_ACC_8063,2026-07-08 09:01:15,ATM_0140,50000,165
TX_000648,CMP_00648,MULE_ACC_2276,2026-07-19 04:09:15,ATM_0127,40000,144
TX_000649,CMP_00649,MULE_ACC_3886,2026-07-24 15:12:15,ATM_0021,50000,123
TX_000650,CMP_00650,MULE_ACC_6364,2026-08-25 16:27:15,ATM_0032,50000,35
TX_000651,CMP_00651,MULE_ACC_3403,2026-08-30 19:09:15,ATM_0085,15000,135
TX_000652,CMP_00652,MULE_ACC_6187,2026-08-09 13:00:15,ATM_0078,25000,165
TX_000653,CMP_00653,MULE_ACC_1133,2026-08-18 09:38:15,ATM_0032,40000,150
TX_000654,CMP_00654,MULE_ACC_1870,2026-07-07 10:43:15,ATM_0092,20000,163
TX_000655,CMP_00655,MULE_ACC_4854,2026-08-28 08:49:15,ATM_0071,15000,171
TX_000656,CMP_00656,MULE_ACC_9931,2026-07-28 09:31:15,ATM_0040,50000,64
TX_000657,CMP_00657,MULE_ACC_3527,2026-07-28 08:48:15,ATM_0020,50000,52
TX_000658,CMP_00658,MULE_ACC_8155,2026-07-05 01:30:15,ATM_0092,40000,41
TX_000659,CMP_00659,MULE_ACC_3945,2026-08-30 21:11:15,ATM_0095,40000,150
TX_000660,CMP_00660,MULE_ACC_1121,2026-07-26 05:41:15,ATM_0061,50000,147
TX_000661,CMP_00661,MULE_ACC_7012,2026-08-05 04:58:15,ATM_0080,20000,29
TX_000662,CMP_00662,MULE_ACC_3327,2026-08-10 13:18:15,ATM_0020,15000,91
TX_000663,CMP_00663,MULE_ACC_8740,2026-08-29 17:46:15,ATM_0080,25000,158
TX_000664,CMP_00664,MULE_ACC_8681,2026-07-07 09:08:15,ATM_0147,15000,151
TX_000665,CMP_00665,MULE_ACC_5738,2026-07-25 09:54:15,ATM_0078,50000,29
TX_000666,CMP_00666,MULE_ACC_8752,2026-08-23 15:22:15,ATM_0142,15000,63
TX_000667,CMP_00667,MULE_ACC_5699,2026-08-24 20:23:15,ATM_0020,15000,41
TX_000668,CMP_00668,MULE_ACC_5509,2026-07-20 01:05:15,ATM_0045,50000,23
TX_000669,CMP_00669,MULE_ACC_7058,2026-08-20 02:11:15,ATM_0061,40000,86
TX_000670,CMP_00670,MULE_ACC_6617,2026-07-15 13:55:15,ATM_0032,15000,57
TX_000671,CMP_00671,MULE_ACC_4898,2026-08-21 10:54:15,ATM_0080,20000,62
TX_000672,CMP_00672,MULE_ACC_1860,2026-08-14 07:09:15,ATM_0066,15000,138
TX_000673,CMP_00673,MULE_ACC_7390,2026-08-20 14:44:15,ATM_0092,20000,87
TX_000674,CMP_00674,MULE_ACC_6172,2026-07-22 10:57:15,ATM_0110,50000,30
TX_000675,CMP_00675,MULE_ACC_5466,2026-07-26 11:11:15,ATM_0021,40000,89
TX_000676,CMP_00676,MULE_ACC_4961,2026-08-14 15:37:15,ATM_0142,50000,69
TX_000677,CMP_00677,MULE_ACC_1138,2026-07-15 07:01:15,ATM_0107,15000,23
TX_000678,CMP_00678,MULE_ACC_5641,2026-08-16 11:34:15,ATM_0127,20000,69
TX_000679,CMP_00679,MULE_ACC_2995,2026-07-07 16:27:15,ATM_0034,25000,42
TX_000680,CMP_00680,MULE_ACC_2816,2026-08-15 18:03:15,ATM_0142,20000,84
TX_000681,CMP_00681,MULE_ACC_7995,2026-08-13 12:27:15,ATM_0020,40000,85
TX_000682,CMP_00682,MULE_ACC_6450,2026-08-21 22:53:15,ATM_0068,20000,86
TX_000683,CMP_00683,MULE_ACC_7432,2026-08-01 00:59:15,ATM_0110,25000,145
TX_000684,CMP_00684,MULE_ACC_8234,2026-07-17 16:30:15,ATM_0020,15000,46
TX_000685,CMP_00685,MULE_ACC_1307,2026-08-19 05:50:15,ATM_0001,20000,58
TX_000686,CMP_00686,MULE_ACC_6403,2026-08-15 11:07:15,ATM_0100,25000,167
TX_000687,CMP_00687,MULE_ACC_2148,2026-07-31 10:14:15,ATM_0100,20000,77
TX_000688,CMP_00688,MULE_ACC_6463,2026-08-09 16:04:15,ATM_0137,20000,122
TX_000689,CMP_00689,MULE_ACC_2318,2026-07-27 15:31:15,ATM_0046,50000,94
TX_000690,CMP_00690,MULE_ACC_5896,2026-07-06 09:32:15,ATM_0092,25000,47
TX_000691,CMP_00691,MULE_ACC_4104,2026-07-09 17:00:15,ATM_0117,20000,29
TX_000692,CMP_00692,MULE_ACC_6041,2026-08-04 10:43:15,ATM_0116,20000,156
TX_000693,CMP_00693,MULE_ACC_1701,2026-07-06 06:56:15,ATM_0137,50000,50
TX_000694,CMP_00694,MULE_ACC_3440,2026-08-06 12:05:15,ATM_0010,50000,79
TX_000695,CMP_00695,MULE_ACC_8720,2026-07-13 12:15:15,ATM_0137,15000,31
TX_000696,CMP_00696,MULE_ACC_6035,2026-07-04 03:59:15,ATM_0017,15000,136
TX_000697,CMP_00697,MULE_ACC_4613,2026-07-11 12:52:15,ATM_0142,40000,71
TX_000698,CMP_00698,MULE_ACC_9943,2026-07-24 01:28:15,ATM_0055,20000,102
TX_000699,CMP_00699,MULE_ACC_2978,2026-08-10 02:20:15,ATM_0044,15000,56
TX_000700,CMP_00700,MULE_ACC_4991,2026-07-27 13:43:15,ATM_0137,50000,30
TX_000701,CMP_00701,MULE_ACC_2322,2026-07-28 01:25:15,ATM_0020,50000,21
TX_000702,CMP_00702,MULE_ACC_7819,2026-08-14 15:51:15,ATM_0137,40000,52
TX_000703,CMP_00703,MULE_ACC_3859,2026-08-06 10:58:15,ATM_0100,25000,29
TX_000704,CMP_00704,MULE_ACC_6699,2026-07-09 17:16:15,ATM_0040,20000,21
TX_000705,CMP_00705,MULE_ACC_9842,2026-08-06 00:58:15,ATM_0137,50000,76
TX_000706,CMP_00706,MULE_ACC_2846,2026-07-17 06:27:15,ATM_0037,25000,141
TX_000707,CMP_00707,MULE_ACC_6966,2026-08-31 22:19:15,ATM_0071,50000,73
TX_000708,CMP_00708,MULE_ACC_1859,2026-08-24 11:10:15,ATM_0006,15000,65
TX_000709,CMP_00709,MULE_ACC_8287,2026-08-05 01:55:15,ATM_0040,25000,168
TX_000710,CMP_00710,MULE_ACC_6343,2026-08-16 07:02:15,ATM_0092,15000,45
TX_000711,CMP_00711,MULE_ACC_8936,2026-07-28 05:18:15,ATM_0127,40000,131
TX_000712,CMP_00712,MULE_ACC_8499,2026-07-15 10:17:15,ATM_0052,25000,111
TX_000713,CMP_00713,MULE_ACC_1977,2026-07-11 22:41:15,ATM_0095,40000,54
TX_000714,CMP_00714,MULE_ACC_4602,2026-07-30 04:45:15,ATM_0137,50000,174
TX_000715,CMP_00715,MULE_ACC_4763,2026-08-30 03:44:15,ATM_0126,20000,125
TX_000716,CMP_00716,MULE_ACC_5573,2026-08-10 14:05:15,ATM_0064,20000,129
TX_000717,CMP_00717,MULE_ACC_3440,2026-07-24 10:01:15,ATM_0008,20000,21
TX_000718,CMP_00718,MULE_ACC_1550,2026-08-03 22:27:15,ATM_0021,40000,155
TX_000719,CMP_00719,MULE_ACC_1203,2026-08-04 04:23:15,ATM_0066,20000,75
TX_000720,CMP_00720,MULE_ACC_5994,2026-08-14 00:21:15,ATM_0150,20000,137
TX_000721,CMP_00721,MULE_ACC_7641,2026-08-02 12:46:15,ATM_0001,25000,114
TX_000722,CMP_00722,MULE_ACC_6454,2026-07-08 09:28:15,ATM_0046,50000,28
TX_000723,CMP_00723,MULE_ACC_2326,2026-08-12 15:24:15,ATM_0015,25000,105
TX_000724,CMP_00724,MULE_ACC_2818,2026-08-31 19:19:15,ATM_0008,15000,113
TX_000725,CMP_00725,MULE_ACC_2097,2026-07-27 02:56:15,ATM_0071,20000,72
TX_000726,CMP_00726,MULE_ACC_4437,2026-08-07 01:26:15,ATM_0046,50000,102
TX_000727,CMP_00727,MULE_ACC_2038,2026-08-16 11:08:15,ATM_0107,15000,108
TX_000728,CMP_00728,MULE_ACC_9714,2026-08-26 01:07:15,ATM_0080,50000,94
TX_000729,CMP_00729,MULE_ACC_2430,2026-08-17 00:15:15,ATM_0074,20000,120
TX_000730,CMP_00730,MULE_ACC_3424,2026-07-10 02:18:15,ATM_0134,15000,58
TX_000731,CMP_00731,MULE_ACC_9870,2026-07-05 07:50:15,ATM_0095,50000,141
TX_000732,CMP_00732,MULE_ACC_2031,2026-08-13 21:40:15,ATM_0134,25000,79
TX_000733,CMP_00733,MULE_ACC_6346,2026-07-25 12:31:15,ATM_0136,50000,171
TX_000734,CMP_00734,MULE_ACC_3161,2026-08-01 11:25:15,ATM_0059,40000,63
TX_000735,CMP_00735,MULE_ACC_3430,2026-07-27 07:24:15,ATM_0037,15000,92
TX_000736,CMP_00736,MULE_ACC_5673,2026-09-01 02:52:15,ATM_0040,20000,64
TX_000737,CMP_00737,MULE_ACC_3072,2026-07-19 00:31:15,ATM_0040,50000,86
TX_000738,CMP_00738,MULE_ACC_6633,2026-08-17 23:40:15,ATM_0037,50000,115
TX_000739,CMP_00739,MULE_ACC_7628,2026-07-23 00:58:15,ATM_0082,15000,57
TX_000740,CMP_00740,MULE_ACC_6427,2026-07-04 21:58:15,ATM_0147,50000,141
TX_000741,CMP_00741,MULE_ACC_6549,2026-07-13 17:11:15,ATM_0036,50000,142
TX_000742,CMP_00742,MULE_ACC_7580,2026-08-08 00:38:15,ATM_0020,15000,76
TX_000743,CMP_00743,MULE_ACC_9625,2026-07-07 17:15:15,ATM_0020,25000,91
TX_000744,CMP_00744,MULE_ACC_2431,2026-08-27 12:46:15,ATM_0071,50000,120
TX_000745,CMP_00745,MULE_ACC_6915,2026-08-11 13:03:15,ATM_0110,40000,57
TX_000746,CMP_00746,MULE_ACC_6651,2026-07-28 08:41:15,ATM_0144,20000,98
TX_000747,CMP_00747,MULE_ACC_7809,2026-07-17 21:32:15,ATM_0092,50000,93
TX_000748,CMP_00748,MULE_ACC_2410,2026-08-30 10:24:15,ATM_0107,40000,73
TX_000749,CMP_00749,MULE_ACC_2449,2026-07-08 16:55:15,ATM_0070,40000,124
TX_000750,CMP_00750,MULE_ACC_3243,2026-07-15 14:39:15,ATM_0075,50000,67
TX_000751,CMP_00751,MULE_ACC_5979,2026-08-04 00:38:15,ATM_0058,20000,163
TX_000752,CMP_00752,MULE_ACC_5917,2026-08-22 21:03:15,ATM_0074,40000,51
TX_000753,CMP_00753,MULE_ACC_5009,2026-07-15 12:51:15,ATM_0127,20000,50
TX_000754,CMP_00754,MULE_ACC_8872,2026-08-11 21:37:15,ATM_0122,50000,131
TX_000755,CMP_00755,MULE_ACC_1287,2026-08-25 00:27:15,ATM_0032,40000,61
TX_000756,CMP_00756,MULE_ACC_3675,2026-08-02 19:40:15,ATM_0137,40000,89
TX_000757,CMP_00757,MULE_ACC_2258,2026-07-07 06:30:15,ATM_0047,20000,69
TX_000758,CMP_00758,MULE_ACC_6180,2026-08-11 03:06:15,ATM_0093,20000,89
TX_000759,CMP_00759,MULE_ACC_1211,2026-08-07 16:57:15,ATM_0100,25000,152
TX_000760,CMP_00760,MULE_ACC_3532,2026-07-25 02:25:15,ATM_0144,25000,76
TX_000761,CMP_00761,MULE_ACC_2867,2026-08-17 15:14:15,ATM_0030,20000,137
TX_000762,CMP_00762,MULE_ACC_6104,2026-08-31 21:28:15,ATM_0134,40000,55
TX_000763,CMP_00763,MULE_ACC_2943,2026-07-15 19:14:15,ATM_0037,15000,52
TX_000764,CMP_00764,MULE_ACC_3133,2026-07-18 07:19:15,ATM_0029,20000,128
TX_000765,CMP_00765,MULE_ACC_1696,2026-07-05 12:38:15,ATM_0142,50000,47
TX_000766,CMP_00766,MULE_ACC_5145,2026-08-09 22:09:15,ATM_0006,15000,36
TX_000767,CMP_00767,MULE_ACC_4365,2026-08-23 01:12:15,ATM_0080,20000,71
TX_000768,CMP_00768,MULE_ACC_5544,2026-07-09 02:46:15,ATM_0107,50000,109
TX_000769,CMP_00769,MULE_ACC_2119,2026-08-12 06:23:15,ATM_0136,20000,168
TX_000770,CMP_00770,MULE_ACC_9800,2026-08-18 03:06:15,ATM_0130,25000,45
TX_000771,CMP_00771,MULE_ACC_4033,2026-08-03 08:34:15,ATM_0080,40000,47
TX_000772,CMP_00772,MULE_ACC_7677,2026-07-31 04:15:15,ATM_0021,25000,100
TX_000773,CMP_00773,MULE_ACC_5723,2026-07-12 12:21:15,ATM_0100,20000,30
TX_000774,CMP_00774,MULE_ACC_6111,2026-07-28 06:49:15,ATM_0066,40000,77
TX_000775,CMP_00775,MULE_ACC_7020,2026-07-15 23:23:15,ATM_0126,50000,23
TX_000776,CMP_00776,MULE_ACC_2392,2026-07-10 09:27:15,ATM_0117,20000,56
TX_000777,CMP_00777,MULE_ACC_4261,2026-08-20 02:18:15,ATM_0085,20000,71
TX_000778,CMP_00778,MULE_ACC_5563,2026-07-18 12:40:15,ATM_0137,40000,171
TX_000779,CMP_00779,MULE_ACC_7626,2026-07-26 14:15:15,ATM_0095,20000,150
TX_000780,CMP_00780,MULE_ACC_4781,2026-07-11 05:01:15,ATM_0008,20000,27
TX_000781,CMP_00781,MULE_ACC_7269,2026-08-04 18:47:15,ATM_0127,25000,103
TX_000782,CMP_00782,MULE_ACC_9064,2026-07-09 23:56:15,ATM_0100,40000,71
TX_000783,CMP_00783,MULE_ACC_9856,2026-08-05 05:01:15,ATM_0009,40000,24
TX_000784,CMP_00784,MULE_ACC_6153,2026-08-29 01:40:15,ATM_0008,20000,133
TX_000785,CMP_00785,MULE_ACC_3689,2026-08-08 20:08:15,ATM_0085,40000,130
TX_000786,CMP_00786,MULE_ACC_9037,2026-08-21 02:17:15,ATM_0100,50000,158
TX_000787,CMP_00787,MULE_ACC_7412,2026-08-27 04:01:15,ATM_0085,15000,146
TX_000788,CMP_00788,MULE_ACC_6250,2026-08-16 08:19:15,ATM_0032,40000,27
TX_000789,CMP_00789,MULE_ACC_6591,2026-07-26 20:24:15,ATM_0080,15000,44
TX_000790,CMP_00790,MULE_ACC_5056,2026-07-25 23:24:15,ATM_0020,25000,99
TX_000791,CMP_00791,MULE_ACC_9821,2026-07-11 06:42:15,ATM_0092,15000,29
TX_000792,CMP_00792,MULE_ACC_8695,2026-08-05 09:45:15,ATM_0097,15000,25
TX_000793,CMP_00793,MULE_ACC_9001,2026-07-28 07:51:15,ATM_0107,15000,72
TX_000794,CMP_00794,MULE_ACC_6952,2026-07-25 02:53:15,ATM_0020,50000,71
TX_000795,CMP_00795,MULE_ACC_5871,2026-07-17 07:21:15,ATM_0024,15000,122
TX_000796,CMP_00796,MULE_ACC_6518,2026-08-27 14:46:15,ATM_0107,40000,37
TX_000797,CMP_00797,MULE_ACC_5945,2026-07-31 04:01:15,ATM_0110,15000,96
TX_000798,CMP_00798,MULE_ACC_9443,2026-07-16 12:08:15,ATM_0006,50000,160
TX_000799,CMP_00799,MULE_ACC_9178,2026-08-18 15:17:15,ATM_0137,25000,139
TX_000800,CMP_00800,MULE_ACC_1981,2026-08-24 17:08:15,ATM_0032,20000,71
TX_000801,CMP_00801,MULE_ACC_8133,2026-07-13 21:27:15,ATM_0017,50000,101
TX_000802,CMP_00802,MULE_ACC_3631,2026-07-17 12:13:15,ATM_0043,20000,173
TX_000803,CMP_00803,MULE_ACC_6087,2026-07-13 04:28:15,ATM_0092,25000,144
TX_000804,CMP_00804,MULE_ACC_5468,2026-08-13 21:42:15,ATM_0046,25000,27
TX_000805,CMP_00805,MULE_ACC_8960,2026-08-08 02:18:15,ATM_0022,15000,34
TX_000806,CMP_00806,MULE_ACC_7668,2026-08-11 06:41:15,ATM_0032,15000,43
TX_000807,CMP_00807,MULE_ACC_2976,2026-07-11 17:38:15,ATM_0135,40000,168
TX_000808,CMP_00808,MULE_ACC_3003,2026-08-04 00:02:15,ATM_0100,50000,104
TX_000809,CMP_00809,MULE_ACC_4571,2026-08-20 04:49:15,ATM_0046,40000,47
TX_000810,CMP_00810,MULE_ACC_1916,2026-07-30 07:34:15,ATM_0021,40000,156
TX_000811,CMP_00811,MULE_ACC_5036,2026-08-07 10:30:15,ATM_0080,40000,57
TX_000812,CMP_00812,MULE_ACC_1570,2026-07-05 18:21:15,ATM_0085,40000,81
TX_000813,CMP_00813,MULE_ACC_2999,2026-08-13 19:46:15,ATM_0100,20000,80
TX_000814,CMP_00814,MULE_ACC_5929,2026-08-31 10:22:15,ATM_0037,40000,80
TX_000815,CMP_00815,MULE_ACC_7656,2026-08-13 08:29:15,ATM_0126,40000,90
TX_000816,CMP_00816,MULE_ACC_7920,2026-08-20 11:03:15,ATM_0130,20000,61
TX_000817,CMP_00817,MULE_ACC_9973,2026-07-26 11:57:15,ATM_0014,50000,136
TX_000818,CMP_00818,MULE_ACC_3229,2026-08-14 03:45:15,ATM_0066,40000,122
TX_000819,CMP_00819,MULE_ACC_5089,2026-08-08 23:03:15,ATM_0106,25000,53
TX_000820,CMP_00820,MULE_ACC_3187,2026-08-01 13:02:15,ATM_0084,40000,64
TX_000821,CMP_00821,MULE_ACC_3980,2026-07-16 00:25:15,ATM_0147,20000,116
TX_000822,CMP_00822,MULE_ACC_4747,2026-07-04 23:20:15,ATM_0037,20000,138
TX_000823,CMP_00823,MULE_ACC_5262,2026-07-29 16:12:15,ATM_0044,50000,42
TX_000824,CMP_00824,MULE_ACC_8129,2026-07-10 23:14:15,ATM_0040,20000,146
TX_000825,CMP_00825,MULE_ACC_9096,2026-08-28 05:14:15,ATM_0040,50000,53
TX_000826,CMP_00826,MULE_ACC_4102,2026-07-17 06:55:15,ATM_0032,20000,66
TX_000827,CMP_00827,MULE_ACC_8388,2026-07-22 06:12:15,ATM_0137,40000,114
TX_000828,CMP_00828,MULE_ACC_6296,2026-07-08 21:47:15,ATM_0109,25000,74
TX_000829,CMP_00829,MULE_ACC_1962,2026-08-11 05:52:15,ATM_0121,15000,105
TX_000830,CMP_00830,MULE_ACC_1745,2026-08-11 19:18:15,ATM_0085,40000,84
TX_000831,CMP_00831,MULE_ACC_1673,2026-07-29 18:31:15,ATM_0107,25000,65
TX_000832,CMP_00832,MULE_ACC_3161,2026-09-01 08:40:15,ATM_0111,20000,101
TX_000833,CMP_00833,MULE_ACC_3095,2026-07-20 00:54:15,ATM_0111,15000,91
TX_000834,CMP_00834,MULE_ACC_9470,2026-08-30 06:53:15,ATM_0081,50000,131
TX_000835,CMP_00835,MULE_ACC_8208,2026-08-04 01:46:15,ATM_0043,20000,68
TX_000836,CMP_00836,MULE_ACC_8653,2026-07-06 12:08:15,ATM_0127,20000,49
TX_000837,CMP_00837,MULE_ACC_8949,2026-08-01 10:14:15,ATM_0032,20000,146
TX_000838,CMP_00838,MULE_ACC_3959,2026-07-26 00:46:15,ATM_0145,50000,150
TX_000839,CMP_00839,MULE_ACC_9618,2026-08-10 03:46:15,ATM_0020,15000,66
TX_000840,CMP_00840,MULE_ACC_6384,2026-08-22 13:18:15,ATM_0032,15000,92
TX_000841,CMP_00841,MULE_ACC_6300,2026-07-27 15:29:15,ATM_0142,15000,27
TX_000842,CMP_00842,MULE_ACC_1095,2026-08-02 16:51:15,ATM_0116,40000,31
TX_000843,CMP_00843,MULE_ACC_3118,2026-08-19 20:33:15,ATM_0073,40000,32
TX_000844,CMP_00844,MULE_ACC_9964,2026-08-23 23:47:15,ATM_0046,15000,117
TX_000845,CMP_00845,MULE_ACC_4411,2026-07-19 10:07:15,ATM_0073,15000,119
TX_000846,CMP_00846,MULE_ACC_5891,2026-08-21 18:22:15,ATM_0080,15000,130
TX_000847,CMP_00847,MULE_ACC_2574,2026-08-11 02:56:15,ATM_0095,40000,151
TX_000848,CMP_00848,MULE_ACC_7931,2026-08-03 06:47:15,ATM_0048,40000,128
TX_000849,CMP_00849,MULE_ACC_9410,2026-08-13 11:26:15,ATM_0040,15000,138
TX_000850,CMP_00850,MULE_ACC_2375,2026-08-06 19:03:15,ATM_0100,40000,139
TX_000851,CMP_00851,MULE_ACC_5073,2026-07-13 02:55:15,ATM_0008,50000,129
TX_000852,CMP_00852,MULE_ACC_9366,2026-07-07 23:40:15,ATM_0142,15000,125
TX_000853,CMP_00853,MULE_ACC_2339,2026-08-09 04:49:15,ATM_0142,40000,24
TX_000854,CMP_00854,MULE_ACC_1741,2026-07-15 04:02:15,ATM_0077,40000,126
TX_000855,CMP_00855,MULE_ACC_8371,2026-08-10 20:59:15,ATM_0037,20000,87
TX_000856,CMP_00856,MULE_ACC_5248,2026-07-15 01:01:15,ATM_0006,40000,131
TX_000857,CMP_00857,MULE_ACC_8817,2026-07-10 22:16:15,ATM_0125,40000,123
TX_000858,CMP_00858,MULE_ACC_7471,2026-08-12 16:08:15,ATM_0006,20000,42
TX_000859,CMP_00859,MULE_ACC_1439,2026-07-10 23:10:15,ATM_0062,25000,143
TX_000860,CMP_00860,MULE_ACC_4127,2026-08-26 18:34:15,ATM_0038,40000,97
TX_000861,CMP_00861,MULE_ACC_3497,2026-07-30 22:34:15,ATM_0095,25000,144
TX_000862,CMP_00862,MULE_ACC_7418,2026-07-19 04:06:15,ATM_0137,50000,105
TX_000863,CMP_00863,MULE_ACC_5764,2026-07-31 12:21:15,ATM_0107,50000,144
TX_000864,CMP_00864,MULE_ACC_8993,2026-08-19 16:37:15,ATM_0092,50000,35
TX_000865,CMP_00865,MULE_ACC_7834,2026-07-24 13:56:15,ATM_0137,40000,49
TX_000866,CMP_00866,MULE_ACC_3643,2026-08-01 19:39:15,ATM_0095,15000,69
TX_000867,CMP_00867,MULE_ACC_6556,2026-08-05 05:59:15,ATM_0066,50000,139
TX_000868,CMP_00868,MULE_ACC_6902,2026-08-18 09:30:15,ATM_0073,50000,61
TX_000869,CMP_00869,MULE_ACC_3115,2026-08-19 23:56:15,ATM_0100,20000,71
TX_000870,CMP_00870,MULE_ACC_4845,2026-08-23 12:16:15,ATM_0006,40000,162
TX_000871,CMP_00871,MULE_ACC_3598,2026-08-29 06:53:15,ATM_0020,40000,148
TX_000872,CMP_00872,MULE_ACC_2977,2026-07-31 00:59:15,ATM_0071,25000,77
TX_000873,CMP_00873,MULE_ACC_5382,2026-08-22 00:23:15,ATM_0027,50000,151
TX_000874,CMP_00874,MULE_ACC_2817,2026-07-07 13:50:15,ATM_0027,50000,176
TX_000875,CMP_00875,MULE_ACC_2934,2026-07-06 14:01:15,ATM_0066,25000,112
TX_000876,CMP_00876,MULE_ACC_2626,2026-08-01 14:27:15,ATM_0032,20000,113
TX_000877,CMP_00877,MULE_ACC_1107,2026-08-27 04:52:15,ATM_0107,20000,141
TX_000878,CMP_00878,MULE_ACC_7799,2026-07-09 05:48:15,ATM_0107,40000,82
TX_000879,CMP_00879,MULE_ACC_7773,2026-08-23 05:28:15,ATM_0133,50000,137
TX_000880,CMP_00880,MULE_ACC_1162,2026-07-26 21:08:15,ATM_0071,25000,37
TX_000881,CMP_00881,MULE_ACC_7443,2026-08-22 02:28:15,ATM_0015,15000,58
TX_000882,CMP_00882,MULE_ACC_5845,2026-08-18 20:01:15,ATM_0142,40000,122
TX_000883,CMP_00883,MULE_ACC_1129,2026-08-19 21:58:15,ATM_0038,50000,155
TX_000884,CMP_00884,MULE_ACC_9919,2026-07-29 13:42:15,ATM_0089,25000,178
TX_000885,CMP_00885,MULE_ACC_2380,2026-07-29 05:36:15,ATM_0032,50000,157
TX_000886,CMP_00886,MULE_ACC_9383,2026-08-07 06:55:15,ATM_0137,15000,99
TX_000887,CMP_00887,MULE_ACC_5238,2026-07-04 22:36:15,ATM_0130,20000,97
TX_000888,CMP_00888,MULE_ACC_5255,2026-08-18 23:46:15,ATM_0137,20000,110
TX_000889,CMP_00889,MULE_ACC_1085,2026-08-01 07:25:15,ATM_0149,50000,106
TX_000890,CMP_00890,MULE_ACC_4831,2026-08-18 18:21:15,ATM_0117,50000,96
TX_000891,CMP_00891,MULE_ACC_5057,2026-07-12 20:10:15,ATM_0040,40000,103
TX_000892,CMP_00892,MULE_ACC_7974,2026-08-01 23:52:15,ATM_0092,20000,40
TX_000893,CMP_00893,MULE_ACC_7050,2026-08-03 04:34:15,ATM_0107,15000,123
TX_000894,CMP_00894,MULE_ACC_7937,2026-08-28 07:05:15,ATM_0107,20000,145
TX_000895,CMP_00895,MULE_ACC_8499,2026-07-13 14:42:15,ATM_0031,50000,151
TX_000896,CMP_00896,MULE_ACC_3569,2026-07-17 12:27:15,ATM_0031,15000,114
TX_000897,CMP_00897,MULE_ACC_7055,2026-08-27 10:44:15,ATM_0032,15000,94
TX_000898,CMP_00898,MULE_ACC_5816,2026-07-27 05:53:15,ATM_0037,50000,27
TX_000899,CMP_00899,MULE_ACC_5644,2026-07-29 23:08:15,ATM_0126,20000,66
TX_000900,CMP_00900,MULE_ACC_1732,2026-07-11 15:48:15,ATM_0117,15000,143
TX_000901,CMP_00901,MULE_ACC_8786,2026-08-30 07:46:15,ATM_0130,50000,53
TX_000902,CMP_00902,MULE_ACC_3440,2026-08-02 11:27:15,ATM_0105,40000,42
TX_000903,CMP_00903,MULE_ACC_1750,2026-07-18 09:55:15,ATM_0043,50000,91
TX_000904,CMP_00904,MULE_ACC_6060,2026-07-05 15:34:15,ATM_0022,20000,51
TX_000905,CMP_00905,MULE_ACC_9548,2026-08-12 16:00:15,ATM_0006,15000,141
TX_000906,CMP_00906,MULE_ACC_5504,2026-08-15 14:36:15,ATM_0149,15000,82
TX_000907,CMP_00907,MULE_ACC_7583,2026-07-09 14:12:15,ATM_0006,40000,31
TX_000908,CMP_00908,MULE_ACC_9649,2026-07-31 03:26:15,ATM_0021,15000,117
TX_000909,CMP_00909,MULE_ACC_3992,2026-08-07 02:03:15,ATM_0092,25000,42
TX_000910,CMP_00910,MULE_ACC_3973,2026-07-13 22:16:15,ATM_0021,40000,34
TX_000911,CMP_00911,MULE_ACC_5225,2026-07-13 10:50:15,ATM_0043,50000,50
TX_000912,CMP_00912,MULE_ACC_9264,2026-08-10 04:23:15,ATM_0071,40000,49
TX_000913,CMP_00913,MULE_ACC_1473,2026-08-08 10:26:15,ATM_0005,40000,79
TX_000914,CMP_00914,MULE_ACC_5035,2026-08-08 15:38:15,ATM_0092,15000,52
TX_000915,CMP_00915,MULE_ACC_3332,2026-07-09 19:13:15,ATM_0063,25000,158
TX_000916,CMP_00916,MULE_ACC_1016,2026-07-31 16:29:15,ATM_0037,15000,178
TX_000917,CMP_00917,MULE_ACC_5110,2026-07-07 13:09:15,ATM_0055,50000,109
TX_000918,CMP_00918,MULE_ACC_3644,2026-08-26 15:05:15,ATM_0020,15000,164
TX_000919,CMP_00919,MULE_ACC_5578,2026-08-17 01:09:15,ATM_0082,25000,73
TX_000920,CMP_00920,MULE_ACC_8417,2026-07-25 17:41:15,ATM_0083,40000,82
TX_000921,CMP_00921,MULE_ACC_1260,2026-07-17 11:01:15,ATM_0002,20000,20
TX_000922,CMP_00922,MULE_ACC_9011,2026-08-16 04:06:15,ATM_0137,50000,157
TX_000923,CMP_00923,MULE_ACC_8293,2026-07-08 14:54:15,ATM_0097,50000,110
TX_000924,CMP_00924,MULE_ACC_1138,2026-07-26 10:32:15,ATM_0040,40000,138
TX_000925,CMP_00925,MULE_ACC_5606,2026-07-04 04:59:15,ATM_0127,15000,69
TX_000926,CMP_00926,MULE_ACC_9090,2026-07-23 18:46:15,ATM_0127,20000,29
TX_000927,CMP_00927,MULE_ACC_7489,2026-07-04 04:26:15,ATM_0100,20000,91
TX_000928,CMP_00928,MULE_ACC_3875,2026-08-08 05:35:15,ATM_0020,20000,170
TX_000929,CMP_00929,MULE_ACC_9570,2026-07-20 16:06:15,ATM_0006,25000,69
TX_000930,CMP_00930,MULE_ACC_8437,2026-08-16 15:51:15,ATM_0014,40000,129
TX_000931,CMP_00931,MULE_ACC_9491,2026-07-31 11:46:15,ATM_0008,15000,146
TX_000932,CMP_00932,MULE_ACC_9723,2026-07-17 23:00:15,ATM_0040,40000,100
TX_000933,CMP_00933,MULE_ACC_4696,2026-07-09 15:33:15,ATM_0051,15000,39
TX_000934,CMP_00934,MULE_ACC_2584,2026-07-25 07:29:15,ATM_0006,50000,142
TX_000935,CMP_00935,MULE_ACC_5102,2026-08-24 17:49:15,ATM_0071,20000,47
TX_000936,CMP_00936,MULE_ACC_2194,2026-08-25 09:34:15,ATM_0021,25000,178
TX_000937,CMP_00937,MULE_ACC_1994,2026-08-01 16:06:15,ATM_0020,15000,116
TX_000938,CMP_00938,MULE_ACC_8075,2026-07-07 10:52:15,ATM_0144,20000,46
TX_000939,CMP_00939,MULE_ACC_7735,2026-07-22 11:21:15,ATM_0003,15000,173
TX_000940,CMP_00940,MULE_ACC_2659,2026-07-28 11:19:15,ATM_0071,50000,26
TX_000941,CMP_00941,MULE_ACC_2106,2026-07-16 00:18:15,ATM_0033,15000,69
TX_000942,CMP_00942,MULE_ACC_8887,2026-08-05 06:38:15,ATM_0032,20000,133
TX_000943,CMP_00943,MULE_ACC_8140,2026-07-07 02:13:15,ATM_0110,20000,111
TX_000944,CMP_00944,MULE_ACC_6618,2026-07-13 13:16:15,ATM_0133,50000,114
TX_000945,CMP_00945,MULE_ACC_4889,2026-08-15 19:55:15,ATM_0109,15000,163
TX_000946,CMP_00946,MULE_ACC_2120,2026-07-16 03:51:15,ATM_0120,25000,68
TX_000947,CMP_00947,MULE_ACC_6499,2026-08-17 08:33:15,ATM_0037,20000,96
TX_000948,CMP_00948,MULE_ACC_1060,2026-08-01 22:52:15,ATM_0040,20000,78
TX_000949,CMP_00949,MULE_ACC_7158,2026-08-03 21:54:15,ATM_0006,40000,122
TX_000950,CMP_00950,MULE_ACC_2887,2026-07-03 23:59:15,ATM_0137,15000,94
TX_000951,CMP_00951,MULE_ACC_4262,2026-08-31 08:37:15,ATM_0046,15000,92
TX_000952,CMP_00952,MULE_ACC_5029,2026-07-15 08:07:15,ATM_0046,20000,70
TX_000953,CMP_00953,MULE_ACC_2818,2026-07-05 18:24:15,ATM_0043,40000,73
TX_000954,CMP_00954,MULE_ACC_9633,2026-08-24 09:56:15,ATM_0017,20000,131
TX_000955,CMP_00955,MULE_ACC_4140,2026-07-13 02:49:15,ATM_0082,25000,116
TX_000956,CMP_00956,MULE_ACC_4098,2026-07-31 17:53:15,ATM_0084,15000,95
TX_000957,CMP_00957,MULE_ACC_3071,2026-07-07 19:42:15,ATM_0054,50000,169
TX_000958,CMP_00958,MULE_ACC_2062,2026-07-09 14:23:15,ATM_0137,50000,150
TX_000959,CMP_00959,MULE_ACC_3932,2026-07-27 13:31:15,ATM_0100,50000,115
TX_000960,CMP_00960,MULE_ACC_7569,2026-08-04 11:49:15,ATM_0040,40000,29
TX_000961,CMP_00961,MULE_ACC_6013,2026-08-28 05:24:15,ATM_0080,25000,116
TX_000962,CMP_00962,MULE_ACC_5834,2026-08-08 00:43:15,ATM_0117,15000,152
TX_000963,CMP_00963,MULE_ACC_7981,2026-08-02 15:01:15,ATM_0080,40000,139
TX_000964,CMP_00964,MULE_ACC_3942,2026-07-24 05:46:15,ATM_0020,15000,79
TX_000965,CMP_00965,MULE_ACC_9401,2026-08-29 23:01:15,ATM_0059,20000,40
TX_000966,CMP_00966,MULE_ACC_9946,2026-07-11 00:11:15,ATM_0071,15000,105
TX_000967,CMP_00967,MULE_ACC_5496,2026-07-23 22:49:15,ATM_0140,40000,174
TX_000968,CMP_00968,MULE_ACC_7616,2026-07-04 08:09:15,ATM_0004,40000,168
TX_000969,CMP_00969,MULE_ACC_7512,2026-08-14 14:09:15,ATM_0054,25000,78
TX_000970,CMP_00970,MULE_ACC_8679,2026-07-18 14:27:15,ATM_0081,20000,107
TX_000971,CMP_00971,MULE_ACC_8187,2026-07-31 21:11:15,ATM_0032,25000,162
TX_000972,CMP_00972,MULE_ACC_1158,2026-08-28 02:12:15,ATM_0092,40000,110
TX_000973,CMP_00973,MULE_ACC_9808,2026-08-16 10:34:15,ATM_0117,20000,103
TX_000974,CMP_00974,MULE_ACC_7404,2026-09-01 01:24:15,ATM_0017,50000,72
TX_000975,CMP_00975,MULE_ACC_6387,2026-07-28 04:48:15,ATM_0078,15000,135
TX_000976,CMP_00976,MULE_ACC_3910,2026-07-14 02:40:15,ATM_0037,20000,174
TX_000977,CMP_00977,MULE_ACC_4818,2026-07-08 10:55:15,ATM_0008,25000,154
TX_000978,CMP_00978,MULE_ACC_7731,2026-08-05 21:13:15,ATM_0034,50000,60
TX_000979,CMP_00979,MULE_ACC_7373,2026-07-30 12:43:15,ATM_0080,15000,53
TX_000980,CMP_00980,MULE_ACC_3601,2026-08-25 21:32:15,ATM_0052,50000,167
TX_000981,CMP_00981,MULE_ACC_4304,2026-08-18 18:28:15,ATM_0085,50000,56
TX_000982,CMP_00982,MULE_ACC_9043,2026-08-24 05:54:15,ATM_0020,40000,138
TX_000983,CMP_00983,MULE_ACC_5873,2026-08-14 13:21:15,ATM_0045,40000,176
TX_000984,CMP_00984,MULE_ACC_8079,2026-07-19 03:58:15,ATM_0047,50000,118
TX_000985,CMP_00985,MULE_ACC_1715,2026-08-09 00:28:15,ATM_0137,50000,60
TX_000986,CMP_00986,MULE_ACC_4559,2026-07-22 20:06:15,ATM_0142,15000,125
TX_000987,CMP_00987,MULE_ACC_9264,2026-07-27 00:55:15,ATM_0046,15000,124
TX_000988,CMP_00988,MULE_ACC_2199,2026-08-04 23:29:15,ATM_0085,15000,117
TX_000989,CMP_00989,MULE_ACC_2878,2026-07-28 22:46:15,ATM_0119,40000,103
TX_000990,CMP_00990,MULE_ACC_4969,2026-08-01 23:03:15,ATM_0046,20000,55
TX_000991,CMP_00991,MULE_ACC_3903,2026-07-13 21:32:15,ATM_0085,15000,51
TX_000992,CMP_00992,MULE_ACC_5476,2026-07-08 20:03:15,ATM_0040,15000,132
TX_000993,CMP_00993,MULE_ACC_8242,2026-07-06 20:10:15,ATM_0027,25000,153
TX_000994,CMP_00994,MULE_ACC_1076,2026-08-17 07:27:15,ATM_0064,15000,116
TX_000995,CMP_00995,MULE_ACC_1262,2026-08-31 03:42:15,ATM_0087,15000,27
TX_000996,CMP_00996,MULE_ACC_2582,2026-08-16 18:09:15,ATM_0107,20000,62
TX_000997,CMP_00997,MULE_ACC_4105,2026-08-25 07:36:15,ATM_0102,40000,73
TX_000998,CMP_00998,MULE_ACC_6842,2026-07-11 04:20:15,ATM_0137,15000,64
TX_000999,CMP_00999,MULE_ACC_4606,2026-07-04 09:47:15,ATM_0095,20000,91
TX_001000,CMP_01000,MULE_ACC_9185,2026-07-08 05:06:15,ATM_0146,20000,157
